Castle 1,Castle 2,Castle 3,Castle 4,Castle 5,Castle 6,Castle 7,Castle 8,Castle 9,Castle 10
100,0,0,0,0,0,0,0,0,0
52,2,2,2,2,2,2,12,12,12
26,26,26,16,1,1,1,1,1,1
26,5,5,5,6,7,26,0,0,0
25,0,0,0,0,0,0,25,25,25
25,0,0,0,0,0,0,25,25,25
25,0,0,0,0,0,0,25,25,25
25,0,0,0,0,0,0,25,25,25
23,1,1,1,1,2,2,23,23,23
21,18,15,13,11,9,6,4,2,1
21,0,0,0,0,0,0,26,26,27
20,12,13,13,14,14,14,0,0,0
20,0,0,0,0,0,0,25,25,30
19,17,15,13,11,9,7,5,3,1
19,1,1,1,1,1,1,25,25,25
19,1,1,1,1,1,1,25,25,25
18,18,2,18,18,18,2,2,2,2
18,16,14,12,10,8,6,4,2,1
16,16,16,16,16,16,1,1,1,1
16,11,11,11,11,18,19,1,1,1
15,14,14,14,14,14,15,0,0,0
15,13,13,14,14,14,14,1,1,1
15,7,8,5,5,11,10,11,10,18
15,5,10,12,15,1,12,10,5,15
15,3,7,10,15,19,25,2,2,2
15,1,1,1,2,2,3,25,25,25
15,0,0,0,0,0,0,17,26,42
14,14,14,14,14,15,15,0,0,0
14,14,14,14,14,15,15,0,0,0
14,14,14,14,14,15,15,0,0,0
14,14,14,14,14,14,16,0,0,0
14,5,6,8,10,12,14,10,10,11
13,13,13,14,14,15,15,1,1,1
13,13,13,13,13,13,13,3,3,3
13,7,17,8,11,6,13,7,9,9
13,7,10,13,16,19,22,0,0,0
13,3,13,31,24,11,1,1,2,1
13,0,0,0,0,0,0,29,29,29
13,0,0,0,0,0,0,29,29,29
12,12,12,12,15,17,20,0,0,0
12,12,12,12,13,13,26,0,0,0
12,12,12,12,13,13,13,13,0,0
12,12,12,12,12,12,26,1,1,0
12,12,12,12,12,12,12,12,2,2
12,12,8,8,10,10,10,10,10,10
12,12,2,4,4,11,19,10,18,8
11,12,13,14,15,17,18,0,0,0
11,12,13,14,15,17,18,0,0,0
11,12,13,14,15,16,19,0,0,0
11,12,13,14,15,16,19,0,0,0
11,12,13,14,15,16,17,0,0,2
11,11,12,14,14,18,20,0,0,0
11,11,12,13,14,16,20,1,1,1
11,11,11,13,16,18,20,0,0,0
11,11,11,12,12,13,27,1,1,1
11,11,11,11,13,17,26,0,0,0
11,11,11,11,12,16,22,2,2,2
11,11,11,11,12,12,26,2,2,2
11,11,11,11,12,12,26,0,0,6
11,11,11,11,11,22,23,0,0,0
11,11,11,11,11,21,21,1,1,1
11,11,11,11,11,21,21,1,1,1
11,11,11,11,11,21,21,1,1,1
11,11,11,11,11,20,25,0,0,0
11,11,11,11,11,19,26,0,0,0
11,11,11,11,11,19,21,1,2,2
11,11,11,11,11,16,25,1,1,2
11,11,11,11,11,14,25,2,2,2
11,11,11,11,11,11,11,11,12,0
11,11,11,11,11,11,11,11,11,1
11,11,11,11,11,11,11,11,11,1
11,11,11,11,11,11,11,11,11,1
11,11,11,11,11,11,11,11,10,1
11,2,11,11,11,2,12,36,2,2
11,1,12,1,15,1,19,19,20,1
11,1,1,1,1,1,1,26,26,31
11,1,1,1,1,1,1,25,27,31
11,1,1,1,1,1,1,20,29,34
11,0,1,1,1,1,1,25,28,31
11,0,0,2,3,3,3,26,26,26
11,0,0,0,0,0,0,29,29,31
10,11,12,13,15,17,22,0,0,0
10,10,20,30,5,5,5,5,5,5
10,10,11,12,12,13,26,2,2,2
10,10,10,15,15,20,20,0,0,0
10,10,10,11,11,12,12,12,12,0
10,10,10,10,15,20,25,0,0,0
10,10,10,10,15,20,25,0,0,0
10,10,10,10,10,10,10,10,10,10
10,10,10,10,10,10,10,10,10,10
10,10,10,10,10,10,10,10,10,10
10,10,10,10,10,10,10,10,10,10
10,10,10,10,10,10,10,10,10,10
10,10,10,10,10,10,10,10,10,10
10,10,10,10,10,10,10,10,10,10
10,10,7,5,7,7,16,11,13,14
10,8,8,13,8,20,30,1,1,1
10,1,1,1,1,1,1,27,28,29
10,0,0,0,0,0,0,30,30,30
10,0,0,0,0,0,0,30,30,30
10,0,0,0,0,0,0,30,30,30
10,0,0,0,0,0,0,30,30,30
9,12,13,14,15,16,17,1,1,2
9,11,11,11,11,11,11,23,1,1
9,11,9,11,9,11,9,11,9,11
9,10,10,10,10,10,10,10,10,11
9,9,9,11,9,12,9,11,10,11
9,9,9,9,9,11,11,11,11,11
8,10,12,14,16,17,19,2,1,1
8,10,11,11,12,13,14,6,7,8
8,9,12,14,16,18,20,1,1,1
8,9,10,12,15,18,25,1,1,1
8,9,10,10,15,22,26,0,0,0
8,8,10,10,10,10,11,11,11,11
8,8,9,9,13,20,30,1,1,1
8,8,8,8,8,25,30,3,1,1
8,2,11,12,17,2,21,21,2,2
8,2,4,11,8,14,13,9,14,17
8,0,1,1,2,5,11,24,10,38
7,13,14,15,16,17,18,0,0,0
7,11,0,14,16,0,23,0,29,0
7,10,12,14,16,18,20,1,1,1
7,9,11,14,16,19,24,0,0,0
7,8,11,14,17,20,23,0,0,0
7,8,10,12,15,20,25,1,1,1
7,8,9,11,12,13,14,15,5,6
7,8,9,10,11,12,13,14,16,0
7,7,15,15,15,16,16,3,3,3
7,1,1,1,16,19,23,1,30,1
7,0,14,15,10,17,16,18,2,1
7,0,0,0,0,0,0,31,31,31
7,0,0,0,0,0,0,31,31,31
7,0,0,0,0,0,0,31,31,31
7,0,0,0,0,0,0,23,30,40
6,12,9,15,15,0,0,21,21,1
6,8,11,14,16,18,21,2,2,2
6,8,11,11,16,21,21,2,2,2
6,8,10,14,18,20,24,0,0,0
6,8,10,12,14,24,26,0,0,0
6,8,9,16,18,21,22,0,0,0
6,7,9,12,16,21,29,0,0,0
6,7,8,10,10,21,38,0,0,0
6,7,8,9,10,13,14,15,18,0
6,7,8,9,10,11,12,13,14,10
6,7,8,9,10,10,11,12,13,14
6,6,10,12,14,15,16,17,2,2
6,6,8,15,20,15,10,8,6,6
6,6,7,11,16,21,26,3,3,1
6,6,7,8,10,25,35,1,1,1
6,6,6,32,32,7,11,0,0,0
6,6,6,11,20,21,21,3,3,3
6,6,6,6,6,7,15,16,16,16
6,2,2,15,19,23,30,1,1,1
6,1,8,12,10,1,30,30,1,1
6,1,1,1,1,1,1,21,21,46
6,0,0,0,0,0,0,26,27,41
5,15,15,15,15,15,20,0,0,0
5,12,17,13,13,11,13,5,4,7
5,10,20,10,5,5,20,10,5,10
5,10,10,15,15,20,25,0,0,0
5,9,15,14,16,16,17,0,0,8
5,9,12,14,16,19,22,1,1,1
5,8,12,15,18,22,5,5,5,5
5,8,8,10,13,16,37,1,1,1
5,7,11,14,17,21,25,0,0,0
5,7,10,14,18,21,25,0,0,0
5,7,9,12,15,22,30,0,0,0
5,7,9,12,13,14,18,20,1,1
5,7,9,11,15,21,25,2,2,3
5,7,9,11,12,15,17,19,1,4
5,7,8,14,18,23,25,0,0,0
5,7,5,7,12,11,15,13,13,12
5,6,10,10,10,10,15,30,2,2
5,6,7,8,12,13,14,15,20,0
5,6,7,8,10,14,15,15,15,0
5,6,7,8,9,11,12,13,14,15
5,6,7,8,9,11,12,13,14,15
5,6,7,8,9,11,12,13,14,15
5,6,7,8,9,11,12,13,14,15
5,6,7,8,9,11,12,13,14,15
5,6,6,15,15,25,25,1,1,1
5,6,4,5,24,20,20,10,3,3
5,5,15,15,15,15,15,15,0,0
5,5,11,17,4,7,25,10,11,5
5,5,10,20,20,20,20,0,0,0
5,5,10,10,20,25,25,0,0,0
5,5,10,10,15,15,20,20,0,0
5,5,5,10,15,25,35,0,0,0
5,5,5,5,20,30,30,0,0,0
5,5,5,5,15,15,15,25,5,5
5,5,5,5,11,12,13,14,15,15
5,5,5,5,10,20,2,2,30,16
5,5,5,5,10,10,15,25,19,1
5,5,5,5,10,10,10,15,15,20
5,5,5,5,5,18,25,1,30,1
5,5,5,5,5,8,15,30,15,7
5,5,5,5,5,5,30,30,5,5
5,5,5,5,5,5,30,30,5,5
5,5,5,5,5,5,27,30,6,7
5,5,5,5,5,5,5,5,5,55
5,5,0,0,0,0,0,30,30,30
5,2,1,9,4,10,6,20,21,22
5,1,2,3,4,10,6,7,8,9
5,1,1,1,1,1,1,26,30,33
5,1,1,1,1,1,1,26,30,33
5,1,1,1,1,1,1,25,29,35
5,1,0,11,14,13,14,11,17,14
5,0,11,14,16,0,22,32,0,0
5,0,10,0,0,0,20,30,35,0
5,0,0,0,14,21,25,1,32,2
5,0,0,0,0,0,0,27,31,37
5,0,0,0,0,0,0,25,30,40
4,9,9,13,15,15,17,18,0,0
4,8,11,14,17,21,25,0,0,0
4,8,11,14,17,20,23,1,1,1
4,8,10,10,15,20,27,2,2,2
4,7,11,14,18,21,25,0,0,0
4,7,11,14,18,21,25,0,0,0
4,7,11,14,18,21,25,0,0,0
4,7,11,14,18,21,25,0,0,0
4,7,11,14,18,21,25,0,0,0
4,7,11,14,18,21,25,0,0,0
4,7,11,14,18,21,25,0,0,0
4,7,11,14,18,21,25,0,0,0
4,7,11,14,18,21,25,0,0,0
4,7,11,14,18,21,25,0,0,0
4,7,11,14,17,21,26,0,0,0
4,7,11,14,17,20,24,1,1,1
4,7,10,15,17,22,25,0,0,0
4,7,10,14,17,21,24,1,1,1
4,7,10,14,17,21,24,1,1,1
4,7,10,13,16,19,22,2,3,4
4,7,9,12,14,16,18,20,0,0
4,6,8,12,16,21,33,0,0,0
4,6,8,10,12,14,17,19,4,5
4,6,7,9,11,13,15,17,18,0
4,5,6,13,13,13,13,13,18,2
4,5,6,8,11,24,42,0,0,0
4,5,6,7,8,18,22,26,2,2
4,5,6,7,8,10,13,19,28,0
4,5,2,19,18,19,3,4,3,23
4,4,19,4,19,4,19,4,19,4
4,4,6,3,6,9,25,9,17,17
4,4,4,8,13,17,20,30,0,0
4,4,4,6,8,13,15,22,24,0
4,4,4,4,12,20,25,25,1,1
4,4,4,4,4,24,4,26,26,0
4,4,4,4,4,4,34,34,4,4
4,2,2,15,3,23,4,4,5,38
4,1,6,1,11,5,16,10,30,16
4,1,1,16,21,25,29,1,1,1
4,1,1,1,1,1,1,30,30,30
4,1,1,1,1,1,1,30,30,30
4,1,1,1,1,1,1,28,30,32
4,1,1,1,1,1,1,26,30,34
4,0,12,0,19,0,30,0,35,0
4,0,1,1,5,10,18,19,22,20
4,0,0,0,1,1,1,30,31,32
4,0,0,0,0,0,0,32,32,32
4,0,0,0,0,0,0,32,32,32
4,0,0,0,0,0,0,32,32,32
4,0,0,0,0,0,0,29,32,35
4,0,0,0,0,0,0,28,32,36
4,0,0,0,0,0,0,28,32,36
3,11,11,11,11,21,26,2,2,2
3,9,14,14,10,3,16,14,16,1
3,7,11,14,18,21,26,0,0,0
3,7,11,14,0,0,0,29,0,36
3,7,10,14,18,21,24,1,1,1
3,7,10,14,17,21,25,1,1,1
3,7,10,14,17,21,25,1,1,1
3,7,10,14,17,21,25,1,1,1
3,7,10,14,17,21,25,1,1,1
3,7,10,14,17,21,24,1,1,2
3,7,0,14,0,21,26,29,0,0
3,6,10,14,18,22,27,0,0,0
3,6,10,14,18,21,25,1,1,1
3,6,10,12,16,21,26,2,2,2
3,6,9,12,15,18,21,16,0,0
3,6,9,12,15,18,21,5,5,6
3,6,9,12,15,17,20,16,1,1
3,6,9,12,14,16,18,22,0,0
3,6,9,11,14,16,18,20,1,2
3,6,9,3,3,18,3,24,27,4
3,6,7,9,11,13,15,17,18,1
3,6,7,9,11,2,27,31,2,2
3,6,6,15,2,5,22,37,2,2
3,6,6,11,11,16,21,26,0,0
3,6,1,13,1,21,25,28,1,1
3,5,8,13,21,25,25,0,0,0
3,5,8,13,18,24,29,0,0,0
3,5,8,11,14,16,21,22,0,0
3,5,8,10,13,1,26,30,2,2
3,5,7,13,16,19,17,10,7,3
3,5,7,11,14,17,20,23,0,0
3,5,7,9,11,13,15,17,20,0
3,5,7,9,11,13,15,17,19,1
3,5,7,9,11,13,15,17,19,1
3,5,7,9,11,13,15,17,19,1
3,5,7,9,11,13,15,17,19,1
3,5,7,9,11,13,15,17,19,1
3,5,6,10,20,23,30,1,1,1
3,4,11,13,16,21,27,2,2,1
3,4,9,10,14,6,11,6,9,18
3,4,8,0,20,0,30,35,0,0
3,4,5,18,22,20,21,2,3,2
3,4,5,6,7,8,22,22,22,1
3,4,4,5,6,7,9,11,17,34
3,4,4,5,6,0,0,24,26,28
3,4,4,3,6,11,20,25,11,13
3,4,0,0,1,0,2,0,7,83
3,3,19,3,3,3,3,21,21,21
3,3,13,13,3,13,13,18,3,18
3,3,10,12,12,15,17,22,3,3
3,3,7,3,3,3,22,24,3,29
3,3,6,7,3,15,10,30,20,3
3,3,5,8,8,11,11,14,17,20
3,3,5,5,7,7,30,30,5,5
3,3,4,6,8,11,15,21,19,10
3,3,4,4,4,4,4,35,4,35
3,3,3,19,3,24,3,3,3,36
3,3,3,15,15,15,20,20,3,3
3,3,3,13,25,26,27,0,0,0
3,3,3,8,9,20,22,15,12,5
3,3,3,4,8,8,13,16,19,23
3,3,3,3,11,16,21,34,3,3
3,3,3,3,7,16,18,21,23,3
3,3,3,3,7,12,22,22,22,3
3,3,3,3,3,38,3,3,3,38
3,3,3,3,3,21,31,31,1,1
3,3,3,3,3,16,20,22,24,3
3,3,3,3,3,15,12,40,12,6
3,3,3,3,3,11,16,21,34,3
3,3,3,3,3,3,3,3,3,73
3,2,7,13,5,15,14,12,14,13
3,2,7,12,5,18,10,12,13,18
3,2,2,2,2,2,2,28,29,28
3,2,2,2,1,1,1,31,29,28
3,1,6,5,10,20,10,20,0,25
3,1,1,11,13,15,1,21,23,11
3,0,9,0,0,0,21,31,36,0
3,0,4,8,0,0,15,35,35,0
3,0,0,11,0,0,26,27,30,0
3,0,0,0,0,0,0,31,32,34
3,0,0,0,0,0,0,29,32,36
3,0,0,0,0,0,0,29,32,36
3,0,0,0,0,0,0,29,32,36
3,0,0,0,0,0,0,29,31,37
2,18,18,18,18,2,2,10,10,2
2,18,18,2,2,2,18,18,18,2
2,17,5,8,13,21,34,0,0,0
2,16,6,15,2,11,21,5,1,21
2,12,13,13,2,2,2,2,26,26
2,12,2,15,2,18,2,21,2,24
2,11,11,11,11,11,3,36,2,2
2,10,2,0,20,20,20,20,3,3
2,8,2,2,16,22,22,22,2,2
2,8,2,2,13,18,23,28,2,2
2,8,2,2,10,18,26,26,3,3
2,7,11,14,18,21,25,0,1,1
2,6,10,14,18,22,26,1,1,0
2,6,8,13,18,22,24,3,2,2
2,6,7,2,20,20,20,20,2,1
2,6,2,12,2,18,2,24,2,30
2,6,2,2,11,16,21,36,2,2
2,5,8,13,20,0,25,27,0,0
2,5,8,12,17,24,32,0,0,0
2,5,8,11,14,17,20,23,0,0
2,5,8,11,14,17,20,23,0,0
2,5,8,11,13,16,19,22,2,2
2,5,7,9,11,13,15,17,20,1
2,5,7,1,12,1,1,19,25,27
2,5,6,6,21,0,25,0,35,0
2,5,5,5,11,11,17,17,20,7
2,5,5,5,5,10,16,21,26,5
2,5,0,0,0,21,31,41,0,0
2,4,10,10,15,15,20,20,2,2
2,4,9,0,0,0,15,15,25,30
2,4,8,11,14,16,19,22,2,2
2,4,8,10,20,25,25,0,0,0
2,4,7,13,17,17,18,22,0,0
2,4,7,12,16,19,18,12,7,3
2,4,7,9,11,13,19,35,0,0
2,4,7,0,16,21,22,26,1,1
2,4,6,16,20,24,28,0,0,0
2,4,6,16,1,21,2,22,5,21
2,4,6,15,19,23,28,1,1,1
2,4,6,13,15,18,18,24,0,0
2,4,6,10,12,14,16,18,18,0
2,4,6,8,12,14,16,18,20,0
2,4,6,8,11,14,16,18,19,2
2,4,6,8,11,13,16,18,22,0
2,4,6,8,11,13,16,18,20,2
2,4,6,8,10,35,0,0,0,35
2,4,6,8,10,14,22,28,4,2
2,4,6,8,10,14,17,20,9,10
2,4,6,8,10,12,16,21,21,0
2,4,6,8,10,12,14,20,24,0
2,4,6,8,10,12,14,16,18,10
2,4,6,8,10,12,14,16,18,10
2,4,6,8,10,12,14,16,18,10
2,4,6,8,10,12,14,16,18,0
2,4,6,8,10,10,12,14,16,18
2,4,6,8,9,11,14,17,29,0
2,4,6,8,0,12,14,16,18,20
2,4,5,7,11,13,17,19,20,2
2,4,5,7,9,15,17,20,21,0
2,4,5,7,9,11,13,15,16,18
2,4,5,7,9,11,13,15,16,18
2,4,5,7,9,11,13,15,16,18
2,4,5,7,9,11,13,15,16,18
2,4,5,7,9,11,13,15,16,18
2,4,5,7,9,11,13,15,16,18
2,4,5,7,9,11,13,15,16,18
2,4,5,7,9,11,13,15,16,18
2,4,5,7,9,11,13,15,16,18
2,4,5,7,9,11,13,15,16,18
2,4,5,7,9,11,13,15,16,18
2,4,5,7,9,11,13,15,16,18
2,4,5,7,9,11,13,15,16,18
2,4,5,7,9,11,13,15,16,18
2,4,5,7,9,11,13,15,16,18
2,4,5,7,9,11,13,15,16,18
2,4,5,7,9,11,13,15,16,18
2,4,5,7,9,11,13,15,16,18
2,4,5,7,9,11,13,15,16,18
2,4,5,7,9,11,13,15,16,18
2,4,5,7,9,11,13,15,16,18
2,4,5,7,9,11,13,15,16,18
2,4,5,7,9,11,13,15,16,18
2,4,5,7,9,11,13,15,16,18
2,4,5,7,9,11,13,15,16,18
2,4,5,7,9,11,13,15,16,18
2,4,5,7,9,11,13,15,16,18
2,4,5,7,9,11,13,15,16,18
2,4,5,7,9,11,13,15,16,18
2,4,5,7,9,11,13,15,16,18
2,4,5,7,9,11,13,15,16,18
2,4,5,7,9,11,13,15,16,18
2,4,5,7,9,11,13,15,16,18
2,4,5,7,9,11,13,15,16,18
2,4,5,7,9,11,13,15,16,18
2,4,5,7,9,11,13,14,16,19
2,4,5,7,9,11,13,14,16,19
2,4,5,7,9,11,13,14,16,16
2,4,5,5,10,10,20,40,4,0
2,4,5,5,3,3,4,4,32,38
2,4,4,8,9,10,12,15,17,19
2,4,4,4,4,10,18,20,22,12
2,4,2,3,14,21,1,30,21,2
2,3,11,2,15,18,21,1,26,1
2,3,8,2,2,0,17,26,38,2
2,3,7,9,13,18,20,24,2,2
2,3,7,9,11,13,15,18,21,1
2,3,6,11,16,26,33,1,1,1
2,3,6,6,11,16,22,32,1,1
2,3,5,10,10,10,10,20,10,10
2,3,5,8,13,21,13,21,13,1
2,3,5,8,12,17,23,30,0,0
2,3,5,7,10,11,13,14,16,19
2,3,5,7,9,15,17,19,21,2
2,3,5,7,9,11,13,15,17,18
2,3,5,7,9,11,12,15,17,19
2,3,5,7,9,11,12,14,17,20
2,3,5,7,9,11,12,14,16,21
2,3,5,7,8,13,14,15,16,17
2,3,5,7,8,10,12,15,18,20
2,3,5,6,7,9,10,30,13,15
2,3,4,5,11,20,21,30,2,2
2,3,4,5,7,11,20,33,15,0
2,3,4,5,7,9,11,15,19,25
2,3,4,5,6,14,15,16,17,18
2,3,4,5,6,14,15,16,17,18
2,3,3,13,21,22,23,7,3,3
2,3,3,5,6,17,18,21,22,3
2,3,3,4,3,3,3,70,3,6
2,3,3,3,5,5,7,7,15,50
2,3,2,13,13,21,2,21,21,2
2,3,2,8,3,2,26,25,26,3
2,3,2,6,12,3,16,21,31,4
2,3,2,3,0,11,12,21,23,23
2,2,18,18,2,18,18,18,2,2
2,2,14,16,2,18,20,22,2,2
2,2,11,11,11,11,12,26,12,2
2,2,11,11,11,2,2,26,31,2
2,2,10,17,5,19,3,1,39,2
2,2,10,14,16,22,2,28,2,2
2,2,8,12,14,16,18,20,3,5
2,2,8,8,18,19,19,20,2,2
2,2,6,12,2,18,24,30,2,2
2,2,6,11,16,2,2,26,2,31
2,2,6,11,12,14,21,30,1,1
2,2,6,6,6,26,26,26,0,0
2,2,6,6,2,20,20,20,20,2
2,2,5,13,2,2,18,24,30,2
2,2,4,11,12,12,12,15,15,15
2,2,4,7,12,16,17,1,1,38
2,2,4,6,10,16,26,30,2,2
2,2,4,5,7,10,10,15,20,25
2,2,4,5,7,10,10,15,20,25
2,2,4,5,7,10,10,15,20,25
2,2,4,4,15,21,22,24,3,3
2,2,3,6,8,11,2,2,27,37
2,2,3,4,8,14,17,20,29,1
2,2,3,4,7,10,14,22,35,1
2,2,3,4,6,8,11,15,21,28
2,2,3,4,5,15,17,23,27,2
2,2,3,3,13,21,26,28,1,1
2,2,2,22,2,2,22,22,22,2
2,2,2,21,5,3,21,21,21,2
2,2,2,21,2,29,2,2,2,36
2,2,2,20,2,2,22,22,24,2
2,2,2,16,17,18,19,20,2,2
2,2,2,16,2,19,2,15,25,15
2,2,2,15,17,18,19,20,2,2
2,2,2,15,16,17,25,5,6,10
2,2,2,14,16,18,20,22,2,2
2,2,2,12,15,18,21,24,2,2
2,2,2,12,15,18,21,24,2,2
2,2,2,12,2,17,2,2,27,32
2,2,2,12,2,2,19,26,31,2
2,2,2,11,16,16,2,2,21,26
2,2,2,11,2,2,11,15,51,2
2,2,2,11,0,21,31,31,0,0
2,2,2,10,20,20,20,20,2,2
2,2,2,10,13,17,22,28,2,2
2,2,2,10,13,16,16,35,2,2
2,2,2,10,11,16,17,18,11,11
2,2,2,10,2,2,26,26,26,2
2,2,2,9,10,25,25,25,0,0
2,2,2,6,8,16,16,16,16,16
2,2,2,6,8,12,14,16,20,18
2,2,2,5,5,26,26,26,3,3
2,2,2,4,10,12,14,16,18,20
2,2,2,3,5,6,9,14,22,35
2,2,2,3,4,6,11,14,22,34
2,2,2,3,3,10,18,19,20,21
2,2,2,2,22,22,22,2,2,22
2,2,2,2,21,21,21,21,4,4
2,2,2,2,18,20,2,22,28,2
2,2,2,2,18,18,18,18,18,2
2,2,2,2,16,19,2,25,28,2
2,2,2,2,16,17,18,19,20,2
2,2,2,2,16,16,16,16,26,2
2,2,2,2,14,16,18,20,22,2
2,2,2,2,14,2,21,22,31,2
2,2,2,2,13,24,2,25,26,2
2,2,2,2,11,16,21,21,21,2
2,2,2,2,11,11,11,3,3,53
2,2,2,2,11,11,2,33,33,2
2,2,2,2,11,1,1,23,26,30
2,2,2,2,10,25,20,33,2,2
2,2,2,2,10,20,20,20,20,2
2,2,2,2,10,16,18,21,25,2
2,2,2,2,10,14,18,22,26,2
2,2,2,2,3,3,4,30,50,2
2,2,2,2,3,2,18,28,39,2
2,2,2,2,2,42,2,2,2,42
2,2,2,2,2,27,33,24,2,2
2,2,2,2,2,26,2,2,2,58
2,2,2,2,2,22,22,22,24,0
2,2,2,2,2,22,22,22,22,2
2,2,2,2,2,22,22,22,22,2
2,2,2,2,2,22,22,22,22,2
2,2,2,2,2,18,18,18,18,18
2,2,2,2,2,17,17,17,20,2
2,2,2,2,2,14,16,18,20,22
2,2,2,2,2,12,21,21,22,14
2,2,2,2,2,11,11,10,38,20
2,2,2,2,2,9,18,25,28,10
2,2,2,2,2,8,14,28,38,2
2,2,2,2,2,2,26,29,31,2
2,2,2,2,2,2,22,22,22,2
2,2,2,2,2,2,20,33,33,2
2,2,2,2,2,2,18,21,23,26
2,2,2,2,2,2,18,21,23,26
2,2,2,2,2,2,18,2,34,34
2,2,2,2,2,2,13,12,31,32
2,2,2,2,2,2,2,28,29,29
2,2,2,2,2,2,2,28,28,30
2,2,2,2,2,2,2,21,21,44
2,2,2,2,2,2,2,2,82,2
2,2,2,2,2,2,2,2,42,42
2,2,2,2,2,2,2,2,2,82
2,2,2,2,2,2,2,2,2,2
2,2,2,1,2,7,19,19,9,37
2,1,16,15,16,16,13,19,1,1
2,1,6,6,7,11,16,21,23,7
2,1,5,15,4,13,5,19,14,22
2,1,4,4,5,11,19,17,13,24
2,1,3,7,12,18,26,31,0,0
2,1,2,11,16,2,2,2,31,31
2,1,2,2,5,13,10,12,22,31
2,1,1,1,15,2,30,2,44,2
2,1,1,1,1,1,1,30,31,31
2,1,1,1,1,1,1,30,31,31
2,1,1,1,1,1,1,27,31,34
2,0,2,0,15,17,20,5,11,28
2,0,0,8,10,12,14,16,18,20
2,0,0,0,0,0,0,32,33,33
2,0,0,0,0,0,0,31,33,34
1,19,1,19,1,19,1,19,1,19
1,18,1,18,1,18,1,20,1,21
1,16,16,16,16,16,1,16,1,1
1,15,17,14,1,1,11,19,20,1
1,11,11,11,11,11,1,41,1,1
1,11,1,14,1,20,1,24,1,26
1,11,1,1,17,19,23,25,1,1
1,11,1,1,16,19,23,26,1,1
1,10,12,14,15,20,1,25,1,1
1,10,11,11,11,16,1,26,12,1
1,10,1,1,14,15,20,34,2,2
1,9,10,10,10,10,20,30,0,0
1,8,2,2,13,18,20,32,2,2
1,8,1,1,18,19,22,30,0,0
1,8,1,1,14,19,24,30,1,1
1,7,11,11,11,11,11,35,1,1
1,7,8,9,10,11,12,13,14,15
1,7,8,9,10,11,12,13,14,15
1,7,8,9,7,4,11,16,21,16
1,7,2,11,14,2,2,26,33,2
1,7,1,1,16,20,24,28,1,1
1,7,1,1,15,15,30,30,0,0
1,7,1,1,11,11,28,38,1,1
1,7,1,1,1,1,24,1,30,33
1,7,1,1,1,1,1,29,29,29
1,6,8,11,14,17,19,22,1,1
1,6,8,11,1,1,2,2,34,34
1,6,6,6,6,11,11,16,16,21
1,6,1,13,1,19,1,25,1,32
1,6,1,1,17,22,22,26,2,2
1,5,5,11,16,21,16,11,7,7
1,5,1,12,1,21,1,26,31,1
1,5,1,6,21,26,1,37,1,1
1,5,1,5,1,5,1,5,38,38
1,5,1,1,17,21,24,28,1,1
1,4,9,3,16,19,7,10,12,19
1,4,7,9,15,17,2,19,26,0
1,4,6,12,15,15,21,24,1,1
1,4,6,8,12,14,16,18,20,1
1,4,6,8,10,12,14,16,18,11
1,4,5,5,15,15,15,15,25,0
1,4,2,2,3,12,14,16,26,20
1,4,1,11,1,21,1,26,1,33
1,4,1,3,11,17,10,21,1,31
1,4,1,1,18,21,26,26,1,1
1,4,1,1,1,1,1,30,30,30
1,3,6,14,16,17,18,21,2,2
1,3,6,10,15,20,25,15,3,2
1,3,6,9,1,15,18,21,25,1
1,3,5,8,13,21,16,13,11,9
1,3,5,8,10,13,15,18,15,12
1,3,5,7,9,12,14,15,16,18
1,3,5,7,9,12,12,14,16,21
1,3,5,7,9,11,13,15,17,19
1,3,5,7,9,11,13,15,17,19
1,3,5,7,9,11,13,15,17,19
1,3,5,7,9,11,13,15,17,19
1,3,5,7,9,11,13,15,17,19
1,3,5,7,9,11,13,15,17,19
1,3,5,7,9,11,13,15,17,19
1,3,5,7,9,11,13,15,17,19
1,3,5,7,9,11,13,15,17,19
1,3,5,7,9,11,13,15,17,19
1,3,5,7,9,11,13,15,17,19
1,3,5,7,9,11,13,15,17,19
1,3,5,7,9,11,13,15,17,19
1,3,5,7,9,11,13,15,17,19
1,3,5,7,9,11,13,15,17,19
1,3,5,7,9,11,13,15,17,19
1,3,5,7,9,11,13,15,17,19
1,3,5,7,9,11,13,15,17,19
1,3,5,7,9,11,13,15,17,19
1,3,5,7,9,11,13,15,17,19
1,3,5,7,9,11,13,15,17,19
1,3,5,7,9,11,13,15,17,19
1,3,5,7,9,11,13,15,17,19
1,3,5,7,9,10,12,14,21,18
1,3,5,1,10,12,14,16,18,20
1,3,4,15,16,20,20,20,0,1
1,3,4,8,12,15,18,19,20,0
1,3,4,6,9,11,14,16,17,19
1,3,4,6,8,12,14,16,17,19
1,3,4,6,8,10,13,19,36,0
1,3,3,9,12,19,16,17,20,0
1,3,3,3,3,15,2,34,34,2
1,3,2,4,8,20,26,34,1,1
1,3,1,1,20,21,21,30,1,1
1,3,1,1,17,20,21,30,3,3
1,2,11,6,11,2,13,21,31,2
1,2,6,0,5,9,21,28,28,0
1,2,5,10,17,23,20,13,6,3
1,2,5,9,14,19,21,17,12,0
1,2,4,14,2,2,2,36,34,3
1,2,4,11,12,17,22,29,1,1
1,2,4,8,2,4,8,16,32,23
1,2,4,6,9,12,16,21,25,4
1,2,4,6,9,11,13,16,18,20
1,2,4,6,9,11,13,15,18,21
1,2,3,18,17,16,15,14,4,10
1,2,3,6,9,10,13,16,18,22
1,2,3,5,8,12,10,15,18,25
1,2,3,5,7,11,15,19,23,14
1,2,3,5,7,10,14,16,21,21
1,2,3,5,7,9,15,17,19,22
1,2,3,5,6,13,15,17,18,20
1,2,3,4,10,20,20,20,20,0
1,2,3,4,10,12,14,16,18,20
1,2,3,4,10,12,14,16,18,20
1,2,3,4,10,12,14,16,18,20
1,2,3,4,8,10,15,22,25,10
1,2,3,4,7,13,17,23,27,3
1,2,3,4,6,16,25,33,4,6
1,2,3,4,5,10,15,20,40,0
1,2,3,4,5,6,15,30,33,1
1,2,3,4,5,6,7,8,9,55
1,2,3,3,4,16,21,24,24,2
1,2,2,10,20,21,16,21,5,2
1,2,2,6,11,11,16,21,26,4
1,2,2,6,10,21,22,32,2,2
1,2,2,5,10,5,21,26,27,1
1,2,2,3,16,17,18,19,20,2
1,2,2,3,6,13,16,18,19,20
1,2,2,2,20,20,2,25,25,1
1,2,2,2,16,21,0,26,29,1
1,2,2,2,11,15,30,2,2,33
1,2,2,2,7,9,18,27,30,0
1,2,2,2,5,15,16,23,32,2
1,2,2,2,2,29,30,30,1,1
1,2,2,2,2,5,11,15,24,36
1,2,2,2,2,3,3,23,31,31
1,2,2,2,0,14,16,18,21,24
1,2,2,1,16,22,26,27,1,2
1,2,2,1,1,23,23,23,23,1
1,1,29,24,19,1,12,11,1,1
1,1,19,1,12,19,19,26,1,1
1,1,17,18,1,19,20,21,1,1
1,1,16,16,16,1,16,1,16,16
1,1,16,16,16,1,16,1,16,16
1,1,15,17,1,21,21,21,1,1
1,1,13,1,16,21,21,24,1,1
1,1,13,1,1,1,15,31,1,35
1,1,11,12,1,19,24,29,1,1
1,1,11,11,1,21,26,26,1,1
1,1,11,11,1,11,11,26,1,26
1,1,9,14,1,1,20,25,27,1
1,1,9,1,1,18,20,23,25,1
1,1,8,8,20,20,20,20,1,1
1,1,8,1,1,15,24,24,24,1
1,1,7,15,17,19,19,19,1,1
1,1,6,11,16,16,21,16,6,6
1,1,6,11,15,1,17,21,26,1
1,1,6,11,11,16,21,27,3,3
1,1,6,10,20,20,20,20,1,1
1,1,6,1,1,1,1,24,24,40
1,1,4,13,14,15,16,17,18,1
1,1,4,11,13,21,12,26,8,3
1,1,4,10,16,22,22,22,1,1
1,1,4,10,12,15,17,19,21,0
1,1,4,8,10,17,24,25,5,5
1,1,4,6,8,10,14,16,18,22
1,1,3,6,8,9,10,16,35,11
1,1,3,5,12,15,20,18,15,10
1,1,3,4,10,20,20,20,20,1
1,1,3,3,4,10,25,30,15,4
1,1,3,3,3,9,25,25,30,0
1,1,2,12,21,12,21,26,2,2
1,1,2,12,5,21,2,24,2,30
1,1,2,11,5,7,19,11,22,21
1,1,2,11,5,7,9,11,22,21
1,1,2,10,12,15,25,30,2,2
1,1,2,10,1,15,12,19,21,18
1,1,2,6,12,18,24,30,3,3
1,1,2,5,10,1,20,20,20,20
1,1,2,5,7,9,11,16,21,26
1,1,2,5,7,8,10,14,22,30
1,1,2,4,14,21,27,27,2,1
1,1,2,4,6,10,16,25,34,1
1,1,2,4,6,9,13,17,21,26
1,1,2,4,6,9,13,17,21,26
1,1,2,4,6,9,13,17,21,26
1,1,2,3,5,8,13,21,34,12
1,1,2,2,20,20,25,25,2,2
1,1,2,2,16,20,1,26,30,1
1,1,2,2,4,6,10,14,23,37
1,1,2,2,3,15,20,25,30,1
1,1,2,2,2,11,21,24,34,2
1,1,2,2,2,2,30,30,30,0
1,1,2,2,2,2,29,29,29,3
1,1,1,30,1,1,1,62,1,1
1,1,1,23,1,1,23,24,24,1
1,1,1,20,1,1,24,25,25,1
1,1,1,19,19,19,19,19,1,1
1,1,1,19,1,1,25,25,25,1
1,1,1,17,18,19,20,21,1,1
1,1,1,16,1,1,26,26,26,1
1,1,1,15,20,20,20,20,1,1
1,1,1,15,20,20,20,20,1,1
1,1,1,15,18,1,27,1,34,1
1,1,1,15,17,19,21,23,1,1
1,1,1,15,15,15,16,16,10,10
1,1,1,15,1,1,26,25,28,1
1,1,1,14,16,19,22,24,1,1
1,1,1,14,15,16,25,25,1,1
1,1,1,14,14,14,14,14,14,13
1,1,1,14,1,1,24,27,30,0
1,1,1,14,1,1,18,26,36,1
1,1,1,13,16,19,22,25,1,1
1,1,1,13,16,18,22,0,28,0
1,1,1,12,17,18,20,26,2,2
1,1,1,12,15,19,23,26,1,1
1,1,1,12,14,16,17,18,19,1
1,1,1,12,12,9,1,1,31,31
1,1,1,12,1,1,20,25,37,1
1,1,1,11,14,18,21,1,31,1
1,1,1,11,1,1,27,28,28,1
1,1,1,11,1,1,21,21,21,21
1,1,1,10,14,18,24,20,10,1
1,1,1,10,10,1,20,25,30,1
1,1,1,9,11,13,18,20,25,1
1,1,1,7,15,15,15,15,15,15
1,1,1,7,15,15,15,15,10,10
1,1,1,7,12,14,16,21,27,0
1,1,1,7,11,15,20,21,22,1
1,1,1,7,10,12,14,16,18,20
1,1,1,7,10,12,14,16,18,20
1,1,1,7,8,17,26,37,1,1
1,1,1,6,14,16,18,20,22,1
1,1,1,6,10,14,10,19,15,23
1,1,1,5,11,16,28,29,3,5
1,1,1,5,7,11,15,17,19,23
1,1,1,5,5,10,1,25,1,50
1,1,1,4,1,1,25,30,35,1
1,1,1,3,6,11,18,23,22,14
1,1,1,3,3,19,20,20,31,1
1,1,1,3,1,23,23,23,23,1
1,1,1,2,10,12,16,17,19,21
1,1,1,2,3,6,9,14,24,39
1,1,1,2,3,5,20,21,22,24
1,1,1,2,3,5,10,20,21,36
1,1,1,2,2,12,14,17,24,26
1,1,1,2,2,11,13,1,23,45
1,1,1,2,2,6,26,26,19,16
1,1,1,2,2,2,2,2,42,45
1,1,1,1,31,26,1,21,16,1
1,1,1,1,30,35,30,1,0,0
1,1,1,1,24,24,1,23,23,1
1,1,1,1,23,23,1,24,24,1
1,1,1,1,23,23,1,24,24,1
1,1,1,1,23,23,1,23,24,1
1,1,1,1,21,21,1,26,26,1
1,1,1,1,20,21,1,26,27,1
1,1,1,1,20,21,1,26,27,1
1,1,1,1,20,20,20,1,1,34
1,1,1,1,19,19,19,19,19,1
1,1,1,1,18,19,1,26,31,1
1,1,1,1,17,20,1,27,30,1
1,1,1,1,17,18,19,20,21,1
1,1,1,1,17,17,2,21,37,2
1,1,1,1,17,17,1,26,34,1
1,1,1,1,16,25,2,26,26,1
1,1,1,1,16,24,25,28,1,2
1,1,1,1,16,20,1,27,30,1
1,1,1,1,16,19,1,28,31,1
1,1,1,1,15,19,23,1,1,37
1,1,1,1,15,19,1,26,34,1
1,1,1,1,13,13,1,25,41,3
1,1,1,1,12,18,20,22,24,0
1,1,1,1,12,15,25,40,2,2
1,1,1,1,11,21,21,21,21,1
1,1,1,1,11,13,15,17,19,21
1,1,1,1,11,13,15,17,19,21
1,1,1,1,11,13,15,17,19,21
1,1,1,1,11,13,15,17,19,21
1,1,1,1,11,12,21,21,31,0
1,1,1,1,11,11,11,16,21,26
1,1,1,1,11,11,11,11,51,1
1,1,1,1,11,11,1,31,41,1
1,1,1,1,10,20,20,20,15,11
1,1,1,1,10,10,20,20,35,1
1,1,1,1,9,15,1,25,45,1
1,1,1,1,7,22,22,22,22,1
1,1,1,1,6,15,20,20,34,1
1,1,1,1,6,11,16,26,36,1
1,1,1,1,6,11,16,21,21,21
1,1,1,1,6,11,12,33,34,0
1,1,1,1,3,30,30,30,1,1
1,1,1,1,3,30,30,30,0,3
1,1,1,1,2,4,6,12,24,48
1,1,1,1,2,2,7,11,23,51
1,1,1,1,1,31,32,32,0,0
1,1,1,1,1,31,1,31,1,31
1,1,1,1,1,23,23,24,24,1
1,1,1,1,1,21,36,36,1,1
1,1,1,1,1,21,21,26,26,1
1,1,1,1,1,20,24,25,25,1
1,1,1,1,1,20,22,24,28,1
1,1,1,1,1,20,20,27,27,1
1,1,1,1,1,19,19,19,19,19
1,1,1,1,1,19,19,19,19,19
1,1,1,1,1,17,18,19,20,21
1,1,1,1,1,17,18,19,20,21
1,1,1,1,1,16,26,26,26,1
1,1,1,1,1,16,21,26,31,1
1,1,1,1,1,16,1,26,26,26
1,1,1,1,1,15,20,29,30,1
1,1,1,1,1,15,20,20,20,20
1,1,1,1,1,15,20,20,20,20
1,1,1,1,1,15,15,15,20,30
1,1,1,1,1,12,20,20,21,22
1,1,1,1,1,12,16,33,33,1
1,1,1,1,1,12,16,18,22,27
1,1,1,1,1,11,21,31,21,11
1,1,1,1,1,11,21,21,21,21
1,1,1,1,1,11,15,34,34,1
1,1,1,1,1,10,20,30,35,0
1,1,1,1,1,7,14,19,25,30
1,1,1,1,1,7,14,16,20,38
1,1,1,1,1,7,7,21,29,31
1,1,1,1,1,5,15,20,25,30
1,1,1,1,1,1,31,31,31,1
1,1,1,1,1,1,26,22,23,23
1,1,1,1,1,1,23,23,24,24
1,1,1,1,1,1,23,23,24,24
1,1,1,1,1,1,23,23,24,24
1,1,1,1,1,1,23,23,24,24
1,1,1,1,1,1,21,26,26,21
1,1,1,1,1,1,21,21,26,26
1,1,1,1,1,1,14,20,20,40
1,1,1,1,1,1,13,27,27,27
1,1,1,1,1,1,10,21,28,35
1,1,1,1,1,1,10,19,25,40
1,1,1,1,1,1,4,30,30,30
1,1,1,1,1,1,1,31,31,31
1,1,1,1,1,1,1,31,31,31
1,1,1,1,1,1,1,31,31,31
1,1,1,1,1,1,1,30,31,32
1,1,1,1,1,1,1,29,30,34
1,1,1,1,1,1,1,28,31,34
1,1,1,1,1,1,1,21,31,41
1,1,1,1,1,1,1,1,1,1
1,1,1,1,1,0,11,17,26,41
1,1,1,1,0,15,21,0,28,32
1,1,1,1,0,0,0,48,0,48
1,1,1,1,0,0,0,32,32,32
1,0,5,5,0,24,30,35,0,0
1,0,4,10,20,26,27,10,1,1
1,0,0,39,0,60,0,0,0,0
1,0,0,1,18,20,20,20,20,0
1,0,0,0,1,15,15,15,20,33
1,0,0,0,0,0,0,33,33,33
0,26,32,42,0,0,0,0,0,0
0,25,25,25,25,0,0,0,0,0
0,21,0,0,0,0,25,0,27,27
0,20,0,20,20,0,0,20,20,0
0,20,0,0,20,20,20,20,0,0
0,17,12,12,12,12,0,35,0,0
0,16,16,17,0,17,0,17,0,17
0,15,14,14,0,14,15,14,14,0
0,15,0,0,20,20,20,25,0,0
0,15,0,0,19,20,21,25,0,0
0,15,0,0,18,20,22,25,0,0
0,14,0,0,16,20,24,26,0,0
0,12,0,0,20,21,21,26,0,0
0,12,0,0,18,20,22,28,0,0
0,12,0,0,0,0,28,0,28,32
0,11,1,1,21,21,22,23,0,0
0,11,0,14,0,19,25,31,0,0
0,11,0,0,21,21,21,26,0,0
0,11,0,0,16,17,27,29,0,0
0,11,0,0,16,16,26,31,0,0
0,11,0,0,12,15,27,35,0,0
0,11,0,0,12,15,27,35,0,0
0,11,0,0,12,15,27,35,0,0
0,11,0,0,12,15,27,35,0,0
0,10,30,60,0,0,0,0,0,0
0,10,10,10,10,10,15,15,20,0
0,10,0,12,0,20,0,28,0,30
0,10,0,0,25,25,28,12,0,0
0,10,0,0,20,20,25,25,0,0
0,10,0,0,20,20,20,30,0,0
0,10,0,0,0,0,0,30,30,30
0,10,0,0,0,0,0,30,30,30
0,9,11,0,0,19,21,0,0,40
0,9,0,5,8,5,27,12,31,3
0,9,0,0,0,26,30,35,0,0
0,8,0,14,0,21,25,0,32,0
0,8,0,0,20,22,24,26,0,0
0,8,0,0,18,21,25,28,0,0
0,8,0,0,18,20,22,32,0,0
0,8,0,0,16,22,25,29,0,0
0,8,0,0,15,20,26,31,0,0
0,7,10,14,18,21,0,30,0,0
0,7,8,10,12,13,15,17,18,0
0,7,0,14,0,21,25,0,33,0
0,7,0,0,21,23,24,25,0,0
0,7,0,0,18,22,25,28,0,0
0,7,0,0,18,21,25,29,0,0
0,7,0,0,18,21,25,29,0,0
0,7,0,0,16,16,26,31,2,2
0,6,7,11,14,17,20,25,0,0
0,6,0,12,0,23,26,0,33,0
0,6,0,0,17,22,26,28,0,1
0,6,0,0,15,21,27,31,0,0
0,5,11,17,5,11,11,34,3,3
0,5,10,10,0,0,20,25,30,0
0,5,7,13,19,26,0,30,0,0
0,5,7,9,11,14,16,18,20,0
0,5,5,5,5,5,20,55,0,0
0,5,5,5,5,5,20,35,20,0
0,5,1,16,22,8,11,11,14,12
0,5,0,15,20,20,20,20,0,0
0,5,0,1,1,1,1,23,28,40
0,5,0,0,16,21,27,31,0,0
0,5,0,0,16,21,26,32,0,0
0,5,0,0,16,21,25,29,2,2
0,5,0,0,14,17,24,36,0,4
0,5,0,0,11,18,26,40,0,0
0,4,6,10,15,25,0,40,0,0
0,4,6,8,10,20,24,28,0,0
0,4,0,2,2,2,23,28,38,1
0,4,0,0,23,23,24,24,1,1
0,4,0,0,15,21,26,34,0,0
0,3,6,13,0,4,20,27,26,1
0,3,6,11,14,17,18,19,11,1
0,3,5,1,2,14,12,28,1,34
0,3,4,7,16,24,4,34,4,4
0,3,4,3,10,15,15,22,20,8
0,3,4,1,0,1,22,24,21,24
0,3,3,7,6,8,11,15,20,27
0,3,3,3,21,0,21,24,1,24
0,3,3,3,17,3,31,35,3,2
0,3,3,3,3,20,20,20,25,3
0,3,0,0,16,24,26,31,0,0
0,3,0,0,14,17,19,22,25,0
0,2,4,6,8,14,15,16,17,18
0,2,4,6,8,12,14,16,18,20
0,2,3,8,10,12,15,20,30,0
0,2,3,3,6,17,17,17,17,18
0,2,2,11,20,2,2,2,28,31
0,2,2,5,6,10,12,17,20,26
0,2,2,2,2,14,21,26,31,0
0,2,0,9,4,1,20,0,28,36
0,2,0,2,22,0,26,0,12,36
0,1,13,14,14,14,15,14,14,1
0,1,11,2,11,3,3,23,5,41
0,1,10,13,2,20,23,27,2,2
0,1,7,10,10,18,23,28,1,2
0,1,7,4,8,5,1,21,23,30
0,1,6,8,15,2,19,21,26,2
0,1,6,8,10,11,13,15,17,19
0,1,6,8,10,11,13,15,17,19
0,1,5,5,5,0,21,21,21,21
0,1,4,5,6,9,14,14,22,25
0,1,3,6,9,13,17,22,28,1
0,1,3,6,1,23,2,27,35,2
0,1,3,4,5,6,34,36,5,6
0,1,3,3,11,18,25,33,3,3
0,1,3,3,6,10,20,19,1,37
0,1,3,1,11,12,12,19,22,19
0,1,2,11,11,13,26,2,31,2
0,1,2,7,11,15,19,21,22,2
0,1,2,4,7,9,13,17,21,26
0,1,2,4,7,9,13,17,21,26
0,1,2,4,7,9,13,16,21,27
0,1,2,4,6,9,13,17,21,27
0,1,2,3,4,5,10,15,25,35
0,1,2,3,3,16,11,14,42,8
0,1,2,2,4,4,10,25,26,26
0,1,2,2,2,11,22,25,33,2
0,1,1,17,1,1,25,26,26,2
0,1,1,15,1,2,20,23,35,2
0,1,1,11,3,3,22,26,30,3
0,1,1,11,1,1,24,26,35,0
0,1,1,10,11,16,24,34,1,2
0,1,1,9,11,13,16,29,19,1
0,1,1,7,1,25,30,35,0,0
0,1,1,2,10,11,31,41,1,2
0,1,1,2,1,13,1,33,31,17
0,1,1,1,16,16,16,17,16,16
0,1,1,1,15,18,30,34,0,0
0,1,1,1,2,20,20,20,30,5
0,1,1,1,2,15,26,26,26,2
0,1,1,1,1,8,13,20,25,30
0,1,1,1,1,1,25,23,23,24
0,1,1,1,1,1,1,15,38,41
0,1,0,1,2,2,1,1,1,1
0,1,0,1,0,1,0,1,0,96
0,1,0,0,19,22,26,30,0,2
0,0,30,26,20,0,14,10,0,0
0,0,15,18,0,20,22,25,0,0
0,0,15,15,15,15,20,20,0,0
0,0,15,15,15,15,0,0,0,40
0,0,15,1,0,0,0,27,28,29
0,0,15,0,0,20,30,35,0,0
0,0,15,0,0,15,0,0,35,35
0,0,14,16,20,20,16,14,0,0
0,0,14,15,0,15,15,39,1,1
0,0,13,13,1,20,23,26,2,2
0,0,12,16,20,24,28,0,0,0
0,0,12,16,11,0,14,0,47,0
0,0,12,13,0,22,25,28,0,0
0,0,12,13,0,20,25,30,0,0
0,0,12,0,0,23,1,1,29,34
0,0,11,15,0,20,26,28,0,0
0,0,11,14,0,21,25,29,0,0
0,0,11,14,0,20,24,29,1,1
0,0,11,13,0,22,25,29,0,0
0,0,11,12,14,16,2,2,41,2
0,0,11,12,0,16,30,31,0,0
0,0,11,11,11,21,21,21,0,4
0,0,11,11,11,11,11,0,34,11
0,0,11,11,1,16,26,33,1,1
0,0,11,11,0,21,26,31,0,0
0,0,11,11,0,21,26,31,0,0
0,0,11,0,14,18,23,34,0,0
0,0,11,0,0,0,26,27,0,36
0,0,10,20,30,40,0,0,0,0
0,0,10,15,0,20,25,30,0,0
0,0,10,13,0,22,25,30,0,0
0,0,10,11,12,18,23,24,1,1
0,0,10,0,21,22,23,24,0,0
0,0,10,0,20,0,30,0,40,0
0,0,10,0,0,22,0,0,32,36
0,0,10,0,0,0,0,30,30,30
0,0,10,0,0,0,0,27,30,33
0,0,9,9,9,15,25,30,0,0
0,0,9,3,6,5,19,26,29,3
0,0,9,1,1,16,1,1,34,37
0,0,8,12,15,18,21,24,1,1
0,0,8,11,19,22,0,0,0,40
0,0,8,11,15,0,27,0,39,0
0,0,8,10,0,17,25,40,0,0
0,0,8,9,10,14,27,32,0,0
0,0,7,9,11,12,13,8,20,20
0,0,6,16,21,26,31,0,0,0
0,0,6,14,0,20,26,32,0,0
0,0,6,11,18,27,38,0,0,0
0,0,6,11,0,22,27,32,0,2
0,0,6,10,1,22,28,31,1,1
0,0,6,8,10,11,13,15,17,20
0,0,6,8,9,10,13,15,18,21
0,0,6,0,0,19,22,25,28,0
0,0,6,0,0,19,22,25,28,0
0,0,6,0,0,19,22,25,28,0
0,0,5,15,15,15,25,25,0,0
0,0,5,12,12,12,12,13,17,17
0,0,5,10,10,15,20,40,0,0
0,0,5,10,10,5,10,15,20,25
0,0,5,5,25,3,25,3,31,3
0,0,5,5,15,25,25,25,0,0
0,0,5,5,0,15,20,25,30,0
0,0,4,7,10,12,14,16,17,20
0,0,4,5,8,12,17,23,28,3
0,0,3,10,15,1,16,17,18,20
0,0,3,4,8,16,0,5,32,32
0,0,3,3,5,9,20,20,20,20
0,0,2,26,2,2,22,22,22,2
0,0,2,16,3,20,3,21,4,31
0,0,2,14,34,34,14,2,0,0
0,0,2,12,15,15,16,20,20,0
0,0,2,3,5,8,12,17,23,30
0,0,1,13,1,1,23,27,29,5
0,0,1,11,12,14,41,21,0,0
0,0,1,11,11,16,26,31,2,2
0,0,1,6,14,19,1,20,28,11
0,0,1,3,3,5,20,21,45,2
0,0,1,2,3,11,13,18,24,28
0,0,1,2,3,6,13,25,50,0
0,0,1,1,21,21,2,26,26,2
0,0,1,1,1,20,25,25,27,0
0,0,1,1,1,1,20,35,40,1
0,0,1,1,1,1,19,25,26,26
0,0,1,1,1,1,1,18,19,58
0,0,0,33,33,34,0,0,0,0
0,0,0,33,33,22,3,3,3,3
0,0,0,25,25,25,25,0,0,0
0,0,0,25,0,0,25,25,25,0
0,0,0,25,0,0,24,25,25,0
0,0,0,24,0,0,25,25,26,0
0,0,0,21,0,0,26,26,27,0
0,0,0,20,20,20,20,20,0,0
0,0,0,20,20,20,20,20,0,0
0,0,0,20,20,20,20,20,0,0
0,0,0,20,20,20,20,20,0,0
0,0,0,18,19,20,21,22,0,0
0,0,0,18,19,20,21,22,0,0
0,0,0,17,0,0,17,33,33,0
0,0,0,16,1,1,21,26,35,0
0,0,0,15,25,30,30,0,0,0
0,0,0,15,20,21,21,23,0,0
0,0,0,15,18,0,0,0,32,35
0,0,0,15,15,20,20,30,0,0
0,0,0,15,15,0,0,0,35,35
0,0,0,15,0,0,26,28,31,0
0,0,0,15,0,0,25,30,30,0
0,0,0,15,0,0,25,28,32,0
0,0,0,15,0,0,25,25,35,0
0,0,0,15,0,0,23,31,31,0
0,0,0,15,0,0,20,30,35,0
0,0,0,14,18,0,0,0,33,35
0,0,0,14,18,0,0,0,32,36
0,0,0,14,0,21,0,29,0,36
0,0,0,14,0,21,0,29,0,36
0,0,0,14,0,0,25,29,32,0
0,0,0,14,0,0,25,29,32,0
0,0,0,14,0,0,25,29,32,0
0,0,0,14,0,0,25,28,32,1
0,0,0,14,0,0,18,29,39,0
0,0,0,13,16,22,23,26,0,0
0,0,0,13,16,20,24,27,0,0
0,0,0,13,16,19,23,27,1,1
0,0,0,13,14,17,16,19,21,0
0,0,0,13,1,1,21,26,37,1
0,0,0,13,0,0,24,29,34,0
0,0,0,12,19,0,21,4,21,23
0,0,0,12,16,20,24,28,0,0
0,0,0,12,2,2,21,31,31,1
0,0,0,12,0,0,25,30,33,0
0,0,0,12,0,0,24,29,34,1
0,0,0,12,0,0,20,34,34,0
0,0,0,12,0,0,20,30,38,0
0,0,0,12,0,0,16,34,38,0
0,0,0,11,21,0,0,0,31,37
0,0,0,11,13,17,21,38,0,0
0,0,0,11,12,13,14,15,17,18
0,0,0,11,11,0,26,26,26,0
0,0,0,11,2,2,17,34,34,0
0,0,0,11,1,1,24,26,36,1
0,0,0,11,0,0,29,29,31,0
0,0,0,11,0,0,26,31,32,0
0,0,0,11,0,0,26,30,33,0
0,0,0,11,0,0,26,30,33,0
0,0,0,11,0,0,23,28,33,0
0,0,0,11,0,0,22,22,22,23
0,0,0,10,20,20,50,0,0,0
0,0,0,10,20,20,25,25,0,0
0,0,0,10,20,20,25,25,0,0
0,0,0,10,16,17,18,19,20,0
0,0,0,10,15,20,25,30,0,0
0,0,0,10,15,20,25,30,0,0
0,0,0,10,15,20,25,30,0,0
0,0,0,10,15,20,25,30,0,0
0,0,0,10,15,20,25,30,0,0
0,0,0,10,15,20,25,30,0,0
0,0,0,10,13,20,26,31,0,0
0,0,0,10,10,20,20,40,0,0
0,0,0,10,10,10,20,30,0,0
0,0,0,10,10,10,10,15,20,25
0,0,0,10,0,21,0,21,0,48
0,0,0,10,0,0,30,30,30,0
0,0,0,10,0,0,25,30,35,0
0,0,0,10,0,0,20,34,35,1
0,0,0,10,0,0,20,30,40,0
0,0,0,9,14,19,24,34,0,0
0,0,0,9,11,12,14,16,18,20
0,0,0,9,0,0,21,27,43,0
0,0,0,8,10,12,14,16,19,21
0,0,0,7,9,11,14,17,20,22
0,0,0,6,2,2,26,31,31,2
0,0,0,6,0,0,26,34,34,0
0,0,0,5,15,0,25,25,30,0
0,0,0,5,15,0,20,20,40,0
0,0,0,5,10,10,15,30,30,0
0,0,0,5,0,0,15,0,50,30
0,0,0,4,10,11,15,30,30,0
0,0,0,4,9,12,15,18,21,21
0,0,0,3,13,21,21,21,21,0
0,0,0,2,19,23,27,29,0,0
0,0,0,2,5,10,17,24,20,22
0,0,0,2,2,22,23,24,25,2
0,0,0,2,2,2,30,30,32,2
0,0,0,2,0,0,28,34,34,2
0,0,0,1,11,26,0,31,31,0
0,0,0,1,5,6,16,19,26,27
0,0,0,1,1,1,12,12,33,40
0,0,0,1,1,1,2,1,3,1
0,0,0,0,50,50,0,0,0,0
0,0,0,0,25,25,25,0,0,25
0,0,0,0,25,25,0,25,25,0
0,0,0,0,25,25,0,25,25,0
0,0,0,0,24,24,0,26,26,0
0,0,0,0,24,24,0,24,28,0
0,0,0,0,23,24,0,26,27,0
0,0,0,0,22,26,0,26,26,0
0,0,0,0,22,26,0,26,26,0
0,0,0,0,22,24,0,26,28,0
0,0,0,0,22,22,0,27,29,0
0,0,0,0,21,21,0,26,31,1
0,0,0,0,21,21,0,26,31,1
0,0,0,0,20,50,30,0,0,0
0,0,0,0,20,23,0,27,30,0
0,0,0,0,20,20,20,20,20,0
0,0,0,0,19,23,23,2,0,33
0,0,0,0,19,22,1,28,29,1
0,0,0,0,18,22,0,28,32,0
0,0,0,0,18,21,0,29,32,0
0,0,0,0,18,21,0,29,32,0
0,0,0,0,18,0,19,9,24,30
0,0,0,0,17,21,0,29,33,0
0,0,0,0,17,21,0,29,33,0
0,0,0,0,17,21,0,26,36,0
0,0,0,0,17,19,20,21,22,1
0,0,0,0,17,17,17,17,16,16
0,0,0,0,17,17,17,0,0,49
0,0,0,0,16,21,1,29,32,1
0,0,0,0,16,21,1,28,32,2
0,0,0,0,16,21,0,31,32,0
0,0,0,0,16,17,0,29,38,0
0,0,0,0,16,16,17,17,17,17
0,0,0,0,15,20,0,30,35,0
0,0,0,0,15,19,0,30,36,0
0,0,0,0,15,18,0,30,37,0
0,0,0,0,15,17,0,34,34,0
0,0,0,0,15,16,0,33,34,2
0,0,0,0,14,20,25,2,2,37
0,0,0,0,14,16,20,23,27,0
0,0,0,0,12,14,16,21,35,2
0,0,0,0,11,29,30,30,0,0
0,0,0,0,11,21,0,34,34,0
0,0,0,0,11,13,15,18,20,23
0,0,0,0,11,11,21,26,31,0
0,0,0,0,10,20,20,20,30,0
0,0,0,0,10,14,16,18,20,22
0,0,0,0,8,16,18,18,20,20
0,0,0,0,8,15,20,25,30,2
0,0,0,0,7,21,0,31,41,0
0,0,0,0,5,12,17,25,23,18
0,0,0,0,5,6,6,11,31,41
0,0,0,0,4,11,21,31,31,2
0,0,0,0,3,5,16,22,27,27
0,0,0,0,1,17,19,20,21,22
0,0,0,0,1,10,16,20,24,29
0,0,0,0,1,2,3,2,0,2
0,0,0,0,0,100,0,0,0,0
0,0,0,0,0,33,33,34,0,0
0,0,0,0,0,29,0,34,37,0
0,0,0,0,0,26,0,35,39,0
0,0,0,0,0,25,25,25,25,0
0,0,0,0,0,25,25,25,25,0
0,0,0,0,0,25,25,25,25,0
0,0,0,0,0,25,25,25,25,0
0,0,0,0,0,25,25,25,25,0
0,0,0,0,0,25,25,25,25,0
0,0,0,0,0,25,24,25,25,1
0,0,0,0,0,24,24,25,27,0
0,0,0,0,0,24,24,24,24,4
0,0,0,0,0,21,25,25,29,0
0,0,0,0,0,21,23,27,29,0
0,0,0,0,0,21,22,28,29,0
0,0,0,0,0,20,25,25,30,0
0,0,0,0,0,20,23,27,30,0
0,0,0,0,0,20,20,20,20,20
0,0,0,0,0,20,20,20,20,20
0,0,0,0,0,20,20,20,20,20
0,0,0,0,0,19,23,27,31,0
0,0,0,0,0,19,22,27,32,0
0,0,0,0,0,19,21,25,35,0
0,0,0,0,0,18,19,20,21,22
0,0,0,0,0,18,19,20,21,22
0,0,0,0,0,16,20,30,30,4
0,0,0,0,0,15,15,20,22,28
0,0,0,0,0,14,15,21,21,29
0,0,0,0,0,11,14,20,25,30
0,0,0,0,0,11,11,26,26,26
0,0,0,0,0,10,25,65,0,0
0,0,0,0,0,10,20,30,39,1
0,0,0,0,0,10,15,20,25,30
0,0,0,0,0,6,16,21,26,31
0,0,0,0,0,1,12,12,34,41
0,0,0,0,0,0,100,0,0,0
0,0,0,0,0,0,25,25,25,25
0,0,0,0,0,0,25,25,25,25
0,0,0,0,0,0,25,25,25,25
0,0,0,0,0,0,25,25,25,25
0,0,0,0,0,0,22,24,26,28
0,0,0,0,0,0,21,24,26,29
0,0,0,0,0,0,20,24,26,30
0,0,0,0,0,0,11,20,27,42
0,0,0,0,0,0,10,20,30,40
0,0,0,0,0,0,10,20,30,40
0,0,0,0,0,0,10,13,26,51
0,0,0,0,0,0,0,25,25,50
0,0,0,0,0,0,0,0,100,0
0,0,0,0,0,0,0,0,25,75
0,0,0,0,0,0,0,0,0,100
0,0,0,0,0,0,0,0,0,100
0,6,7,12,12,21,3,31,3,5
0,6,7,12,12,21,3,31,3,5
6,6,7,11,12,21,26,2,4,5
6,6,7,11,12,21,26,2,4,5
0,6,7,12,12,21,3,31,4,4
0,6,7,12,12,21,3,31,4,4
3,7,3,12,18,2,26,2,4,23
3,7,3,12,18,2,26,2,4,23
3,0,7,1,2,1,27,31,23,5
3,0,7,1,2,1,27,31,23,5
1,5,1,8,2,22,22,2,32,5
1,5,1,8,2,22,22,2,32,5
5,5,7,11,12,22,26,2,5,5
5,5,7,11,12,22,26,2,5,5
0,1,9,12,13,24,3,2,4,32
0,1,9,12,13,24,3,2,4,32
4,7,8,3,3,22,26,1,3,23
4,7,8,3,3,22,26,1,3,23
3,1,7,9,12,1,26,31,5,5
3,1,7,9,12,1,26,31,5,5
3,5,7,2,0,17,26,2,32,6
3,5,7,2,0,17,26,2,32,6
0,6,8,9,12,22,2,31,5,5
0,6,8,9,12,22,2,31,5,5
0,1,9,12,13,24,3,2,4,32
0,1,9,12,13,24,3,2,4,32
0,4,7,13,12,22,3,2,32,5
0,4,7,13,12,22,3,2,32,5
0,1,8,12,16,22,3,2,4,32
0,1,8,12,16,22,3,2,4,32
3,0,7,14,12,2,21,31,5,5
3,0,7,14,12,2,21,31,5,5
5,5,7,9,12,23,27,2,5,5
5,5,7,9,12,23,27,2,5,5
0,5,7,9,18,16,3,31,5,6
0,5,7,9,18,16,3,31,5,6
5,5,7,9,12,23,27,2,5,5
5,5,7,9,12,23,27,2,5,5
3,0,7,13,12,22,3,2,32,6
3,0,7,13,12,22,3,2,32,6
0,6,7,12,12,21,3,31,2,6
0,6,7,12,12,21,3,31,2,6
0,6,7,12,12,21,3,31,2,6
0,6,7,12,12,21,3,31,2,6
0,1,12,2,3,23,3,2,32,22
0,1,12,2,3,23,3,2,32,22
5,5,7,9,12,23,26,2,5,6
5,5,7,9,12,23,26,2,5,6
3,1,8,9,12,0,27,31,3,6
3,1,8,9,12,0,27,31,3,6
0,7,8,2,18,2,3,31,5,24
0,7,8,2,18,2,3,31,5,24
0,4,8,0,2,1,27,31,21,6
0,4,8,0,2,1,27,31,21,6
5,5,8,9,12,23,27,2,3,6
5,5,8,9,12,23,27,2,3,6
0,0,8,9,1,14,27,32,3,6
0,0,8,9,1,14,27,32,3,6
0,5,2,2,11,21,16,32,5,6
0,5,2,2,11,21,16,32,5,6
0,5,7,9,12,23,2,32,3,7
0,5,7,9,12,23,2,32,3,7
0,0,8,9,1,13,27,32,3,7
0,0,8,9,1,13,27,32,3,7
0,0,8,12,12,1,26,3,32,6
0,0,8,12,12,1,26,3,32,6
0,5,7,9,12,22,2,31,5,7
0,5,7,9,12,22,2,31,5,7
5,5,7,9,12,21,27,2,5,7
5,5,7,9,12,21,27,2,5,7
6,6,3,12,13,22,3,3,5,27
6,6,3,12,13,22,3,3,5,27
0,7,7,9,12,1,21,31,5,7
0,7,7,9,12,1,21,31,5,7
0,5,7,9,13,23,1,32,3,7
0,5,7,9,13,23,1,32,3,7
0,5,2,9,18,2,3,31,23,7
0,5,2,9,18,2,3,31,23,7
5,5,7,9,12,22,27,2,3,8
5,5,7,9,12,22,27,2,3,8
0,0,8,12,13,2,26,3,32,4
0,0,8,12,13,2,26,3,32,4
3,7,3,12,17,2,26,2,5,23
3,7,3,12,17,2,26,2,5,23
3,1,7,13,12,22,1,3,32,6
3,1,7,13,12,22,1,3,32,6
0,4,7,13,12,22,1,3,32,6
0,4,7,13,12,22,1,3,32,6
0,4,6,14,18,13,3,3,32,7
0,4,6,14,18,13,3,3,32,7
0,5,2,14,12,2,3,32,23,7
0,5,2,14,12,2,3,32,23,7
5,1,7,9,12,0,22,32,5,7
5,1,7,9,12,0,22,32,5,7
0,1,6,9,18,2,22,3,32,7
0,1,6,9,18,2,22,3,32,7
5,5,7,9,13,22,27,1,3,8
5,5,7,9,13,22,27,1,3,8
0,5,2,14,12,2,3,32,23,7
0,5,2,14,12,2,3,32,23,7
0,0,8,9,15,2,27,3,32,4
0,0,8,9,15,2,27,3,32,4
0,1,8,14,13,2,22,3,33,4
0,1,8,14,13,2,22,3,33,4
5,5,7,9,13,22,27,1,3,8
5,5,7,9,13,22,27,1,3,8
3,2,2,3,13,23,27,3,3,21
3,2,2,3,13,23,27,3,3,21
3,1,6,9,18,2,17,31,5,8
3,1,6,9,18,2,17,31,5,8
0,5,7,15,14,13,3,31,5,7
0,5,7,15,14,13,3,31,5,7
0,2,2,3,18,13,1,32,22,7
0,2,2,3,18,13,1,32,22,7
0,5,7,9,13,22,1,32,3,8
0,5,7,9,13,22,1,32,3,8
0,5,7,9,12,23,1,32,3,8
0,5,7,9,12,23,1,32,3,8
0,7,2,2,13,13,20,32,6,5
0,7,2,2,13,13,20,32,6,5
0,4,6,9,18,2,17,31,5,8
0,4,6,9,18,2,17,31,5,8
0,2,3,14,2,17,4,31,6,21
0,2,3,14,2,17,4,31,6,21
0,9,10,16,2,2,3,3,32,23
0,9,10,16,2,2,3,3,32,23
5,5,8,11,12,23,22,3,3,8
5,5,8,11,12,23,22,3,3,8
3,1,6,9,18,2,17,31,5,8
3,1,6,9,18,2,17,31,5,8
0,5,7,14,13,17,1,32,3,8
0,5,7,14,13,17,1,32,3,8
0,1,9,15,15,23,3,2,5,27
0,1,9,15,15,23,3,2,5,27
0,7,2,11,2,17,1,32,23,5
0,7,2,11,2,17,1,32,23,5
0,5,6,8,13,22,1,32,5,8
0,5,6,8,13,22,1,32,5,8
3,5,7,1,0,16,26,3,32,7
3,5,7,1,0,16,26,3,32,7
3,5,7,9,12,22,26,3,5,8
3,5,7,9,12,22,26,3,5,8
0,4,7,14,17,13,2,3,32,8
0,4,7,14,17,13,2,3,32,8
3,5,7,15,3,2,4,32,6,23
3,5,7,15,3,2,4,32,6,23
0,7,2,2,15,13,16,32,5,8
0,7,2,2,15,13,16,32,5,8
0,5,6,8,18,14,3,32,6,8
0,5,6,8,18,14,3,32,6,8
3,5,2,9,16,2,26,3,26,8
3,5,2,9,16,2,26,3,26,8
0,6,8,2,18,2,3,32,6,23
0,6,8,2,18,2,3,32,6,23
0,5,2,8,18,2,3,32,22,8
0,5,2,8,18,2,3,32,22,8
0,0,9,1,2,1,27,33,3,24
0,0,9,1,2,1,27,33,3,24
0,5,7,9,13,23,2,32,6,3
0,5,7,9,13,23,2,32,6,3
3,5,7,9,12,22,26,3,5,8
3,5,7,9,12,22,26,3,5,8
0,4,7,14,18,13,1,3,32,8
0,4,7,14,18,13,1,3,32,8
4,5,7,9,18,14,26,3,6,8
4,5,7,9,18,14,26,3,6,8
0,1,6,14,12,1,22,3,32,9
0,1,6,14,12,1,22,3,32,9
0,4,0,1,12,13,27,3,32,8
0,4,0,1,12,13,27,3,32,8
0,5,6,8,18,14,3,31,6,9
0,5,6,8,18,14,3,31,6,9
5,1,6,8,13,0,22,32,5,8
5,1,6,8,13,0,22,32,5,8
0,5,6,8,18,14,3,31,6,9
0,5,6,8,18,14,3,31,6,9
0,1,2,16,21,3,2,0,33,22
0,1,2,16,21,3,2,0,33,22
0,5,6,8,18,14,3,31,6,9
0,5,6,8,18,14,3,31,6,9
0,4,6,9,18,2,16,31,5,9
0,4,6,9,18,2,16,31,5,9
4,5,7,9,12,22,26,3,3,9
4,5,7,9,12,22,26,3,3,9
3,5,6,8,12,22,26,3,6,9
3,5,6,8,12,22,26,3,6,9
0,1,9,15,13,23,3,3,6,27
0,1,9,15,13,23,3,3,6,27
0,5,7,9,18,13,1,32,6,9
0,5,7,9,18,13,1,32,6,9
0,3,3,14,4,23,4,32,5,12
0,3,3,14,4,23,4,32,5,12
3,5,7,9,12,23,26,3,3,9
3,5,7,9,12,23,26,3,3,9
3,5,8,3,3,17,27,3,22,9
3,5,8,3,3,17,27,3,22,9
0,0,8,9,2,14,27,26,5,9
0,0,8,9,2,14,27,26,5,9
1,1,9,12,13,25,3,3,6,27
1,1,9,12,13,25,3,3,6,27
6,0,10,2,18,2,3,4,32,23
6,0,10,2,18,2,3,4,32,23
0,2,3,14,2,17,3,32,6,21
0,2,3,14,2,17,3,32,6,21
0,1,2,16,21,2,3,0,33,22
0,1,2,16,21,2,3,0,33,22
0,6,8,2,18,2,3,32,6,23
0,6,8,2,18,2,3,32,6,23
0,5,6,8,18,14,3,31,6,9
0,5,6,8,18,14,3,31,6,9
5,2,11,16,15,25,4,3,7,12
5,2,11,16,15,25,4,3,7,12
0,4,6,14,16,14,1,3,32,10
0,4,6,14,16,14,1,3,32,10
0,0,8,9,12,1,26,3,32,9
0,0,8,9,12,1,26,3,32,9
3,5,6,0,18,2,3,32,22,9
3,5,6,0,18,2,3,32,22,9
6,7,3,16,16,26,4,3,7,12
6,7,3,16,16,26,4,3,7,12
0,6,8,9,12,23,0,33,6,3
0,6,8,9,12,23,0,33,6,3
0,0,8,9,12,1,26,3,32,9
0,0,8,9,12,1,26,3,32,9
3,0,7,9,12,22,3,2,33,9
3,0,7,9,12,22,3,2,33,9
4,5,6,8,16,15,26,3,6,11
4,5,6,8,16,15,26,3,6,11
2,7,2,11,16,3,26,4,6,23
2,7,2,11,16,3,26,4,6,23
2,2,2,3,13,21,27,3,6,21
2,2,2,3,13,21,27,3,6,21
4,6,3,12,16,22,3,3,6,25
4,6,3,12,16,22,3,3,6,25
3,5,7,9,12,22,26,3,3,10
3,5,7,9,12,22,26,3,3,10
0,2,3,16,5,22,4,4,32,12
0,2,3,16,5,22,4,4,32,12
0,1,2,3,14,3,27,32,7,11
0,1,2,3,14,3,27,32,7,11
0,4,6,14,11,22,3,4,26,10
0,4,6,14,11,22,3,4,26,10
2,7,2,11,16,2,26,4,6,24
2,7,2,11,16,2,26,4,6,24
0,4,6,13,11,22,3,4,27,10
0,4,6,13,11,22,3,4,27,10
0,6,7,2,18,2,3,32,6,24
0,6,7,2,18,2,3,32,6,24
1,2,12,3,4,23,4,4,35,12
1,2,12,3,4,23,4,4,35,12
0,1,8,12,13,23,4,3,5,31
0,1,8,12,13,23,4,3,5,31
2,7,2,10,17,3,26,4,6,23
2,7,2,10,17,3,26,4,6,23
6,7,3,16,16,25,4,4,7,12
6,7,3,16,16,25,4,4,7,12
0,1,8,12,16,23,4,3,6,27
0,1,8,12,16,23,4,3,6,27
0,0,8,10,13,3,27,4,32,3
0,0,8,10,13,3,27,4,32,3
2,5,7,2,2,22,27,4,6,23
2,5,7,2,2,22,27,4,6,23
0,2,3,16,21,3,4,4,35,12
0,2,3,16,21,3,4,4,35,12
0,8,9,16,2,2,3,4,32,24
0,8,9,16,2,2,3,4,32,24
3,1,3,9,18,3,4,30,7,22
3,1,3,9,18,3,4,30,7,22
0,1,2,14,18,2,4,4,32,23
0,1,2,14,18,2,4,4,32,23
0,2,12,4,4,4,22,32,7,13
0,2,12,4,4,4,22,32,7,13
0,1,8,12,16,23,4,3,6,27
0,1,8,12,16,23,4,3,6,27
0,2,3,15,3,3,22,32,7,13
0,2,3,15,3,3,22,32,7,13
0,0,2,16,21,2,2,0,33,24
0,0,2,16,21,2,2,0,33,24
4,6,8,3,16,3,26,4,7,23
4,6,8,3,16,3,26,4,7,23
4,6,2,12,13,23,3,4,6,27
4,6,2,12,13,23,3,4,6,27
0,7,1,10,15,2,4,33,23,5
0,7,1,10,15,2,4,33,23,5
3,3,3,5,13,23,27,4,7,12
3,3,3,5,13,23,27,4,7,12
3,5,6,0,1,23,16,4,33,9
3,5,6,0,1,23,16,4,33,9
0,2,2,12,2,23,1,33,3,22
0,2,2,12,2,23,1,33,3,22
0,2,3,3,18,2,21,32,7,12
0,2,3,3,18,2,21,32,7,12
3,5,6,8,12,24,22,4,6,10
3,5,6,8,12,24,22,4,6,10
6,7,3,3,4,24,4,5,32,12
6,7,3,3,4,24,4,5,32,12
0,1,9,12,17,24,4,3,3,27
0,1,9,12,17,24,4,3,3,27
5,5,8,3,4,24,27,4,7,13
5,5,8,3,4,24,27,4,7,13
0,8,0,1,1,3,28,2,33,24
0,8,0,1,1,3,28,2,33,24
6,6,3,12,19,3,27,4,7,13
6,6,3,12,19,3,27,4,7,13
0,5,8,9,18,13,4,33,7,3
0,5,8,9,18,13,4,33,7,3
1,1,2,14,2,3,17,32,7,21
1,1,2,14,2,3,17,32,7,21
0,1,9,12,13,24,4,3,7,27
0,1,9,12,13,24,4,3,7,27
0,2,3,15,3,3,22,32,7,13
0,2,3,15,3,3,22,32,7,13
0,1,9,12,13,24,3,4,7,27
0,1,9,12,13,24,3,4,7,27
0,1,9,12,13,23,4,4,7,27
0,1,9,12,13,23,4,4,7,27
0,2,3,15,4,22,4,5,32,13
0,2,3,15,4,22,4,5,32,13
0,5,1,14,13,3,4,33,3,24
0,5,1,14,13,3,4,33,3,24
3,5,8,9,16,17,27,4,8,3
3,5,8,9,16,17,27,4,8,3
3,5,7,8,18,14,27,4,7,7
3,5,7,8,18,14,27,4,7,7
0,5,7,2,18,2,4,32,7,23
0,5,7,2,18,2,4,32,7,23
4,2,2,12,2,22,21,4,7,24
4,2,2,12,2,22,21,4,7,24
0,1,11,12,1,16,16,33,7,3
0,1,11,12,1,16,16,33,7,3
5,2,2,3,13,24,27,4,8,12
5,2,2,3,13,24,27,4,8,12
3,3,3,4,18,17,27,5,8,12
3,3,3,4,18,17,27,5,8,12
0,0,1,16,21,2,1,0,34,25
0,0,1,16,21,2,1,0,34,25
0,8,9,16,2,2,3,4,32,24
0,8,9,16,2,2,3,4,32,24
3,5,8,9,16,14,27,4,8,6
3,5,8,9,16,14,27,4,8,6
2,2,11,15,15,25,4,5,8,13
2,2,11,15,15,25,4,5,8,13
0,3,3,3,18,17,4,31,8,13
0,3,3,3,18,17,4,31,8,13
5,5,8,3,3,24,26,5,8,13
5,5,8,3,3,24,26,5,8,13
0,0,1,16,21,2,1,0,34,25
0,0,1,16,21,2,1,0,34,25
0,0,2,14,18,2,4,4,32,24
0,0,2,14,18,2,4,4,32,24
0,5,9,3,4,22,5,31,8,13
0,5,9,3,4,22,5,31,8,13
0,0,2,14,18,2,4,4,32,24
0,0,2,14,18,2,4,4,32,24
0,1,12,3,3,3,27,5,33,13
0,1,12,3,3,3,27,5,33,13
3,3,3,5,18,15,27,5,8,13
3,3,3,5,18,15,27,5,8,13
3,5,7,0,18,2,4,33,22,6
3,5,7,0,18,2,4,33,22,6
5,2,2,15,3,25,22,5,7,14
5,2,2,15,3,25,22,5,7,14
0,0,1,16,21,2,1,0,34,25
0,0,1,16,21,2,1,0,34,25
0,8,3,3,4,3,27,5,34,13
0,8,3,3,4,3,27,5,34,13
0,2,2,3,13,23,4,32,8,13
0,2,2,3,13,23,4,32,8,13
0,2,3,16,4,17,5,32,8,13
0,2,3,16,4,17,5,32,8,13
0,7,8,0,16,3,4,31,7,24
0,7,8,0,16,3,4,31,7,24
0,0,9,12,13,22,4,5,8,27
0,0,9,12,13,22,4,5,8,27
0,5,9,3,3,22,5,32,8,13
0,5,9,3,3,22,5,32,8,13
0,1,3,13,3,0,27,5,34,14
0,1,3,13,3,0,27,5,34,14
0,2,3,16,3,21,5,5,32,13
0,2,3,16,3,21,5,5,32,13
0,2,2,3,18,17,4,32,8,14
0,2,2,3,18,17,4,32,8,14
0,2,3,14,2,3,16,33,22,5
0,2,3,14,2,3,16,33,22,5
0,2,12,3,4,3,22,33,8,13
0,2,12,3,4,3,22,33,8,13
0,2,2,15,3,17,5,27,8,21
0,2,2,15,3,17,5,27,8,21
0,6,8,0,18,2,4,33,4,25
0,6,8,0,18,2,4,33,4,25
0,1,3,14,3,23,4,5,22,25
0,1,3,14,3,23,4,5,22,25
0,2,2,12,3,22,5,32,8,14
0,2,2,12,3,22,5,32,8,14
2,6,3,12,3,23,17,4,22,8
2,6,3,12,3,23,17,4,22,8
2,5,8,2,2,24,22,4,6,25
2,5,8,2,2,24,22,4,6,25
4,6,9,3,4,21,26,5,8,14
4,6,9,3,4,21,26,5,8,14
0,6,9,3,18,3,5,34,8,14
0,6,9,3,18,3,5,34,8,14
3,5,7,14,2,3,5,32,8,21
3,5,7,14,2,3,5,32,8,21
0,0,0,16,19,1,2,0,34,28
0,0,0,16,19,1,2,0,34,28
3,5,7,16,4,3,5,34,8,15
3,5,7,16,4,3,5,34,8,15
0,5,9,3,3,22,5,31,8,14
0,5,9,3,3,22,5,31,8,14
3,5,7,3,16,3,27,4,8,24
3,5,7,3,16,3,27,4,8,24
0,0,3,3,18,14,27,5,8,22
0,0,3,3,18,14,27,5,8,22
0,5,7,0,18,2,3,32,8,25
0,5,7,0,18,2,3,32,8,25
4,5,3,12,18,3,26,5,10,14
4,5,3,12,18,3,26,5,10,14
0,8,1,3,4,3,28,5,34,14
0,8,1,3,4,3,28,5,34,14
0,6,8,3,18,3,5,34,8,15
0,6,8,3,18,3,5,34,8,15
2,6,9,2,3,17,26,5,8,22
2,6,9,2,3,17,26,5,8,22
3,5,7,16,3,3,5,35,8,15
3,5,7,16,3,3,5,35,8,15
0,6,8,3,19,3,4,34,8,15
0,6,8,3,19,3,4,34,8,15
0,0,12,2,1,24,1,1,33,26
0,0,12,2,1,24,1,1,33,26
0,0,9,12,13,22,4,5,8,27
0,0,9,12,13,22,4,5,8,27
0,0,1,16,20,2,1,0,34,26
0,0,1,16,20,2,1,0,34,26
0,0,9,12,12,23,4,5,8,27
0,0,9,12,12,23,4,5,8,27
4,7,0,1,1,23,2,4,33,25
4,7,0,1,1,23,2,4,33,25
0,8,0,1,1,2,28,1,34,25
0,8,0,1,1,2,28,1,34,25
1,5,1,9,17,3,26,5,8,25
1,5,1,9,17,3,26,5,8,25
0,0,8,12,13,23,4,5,8,27
0,0,8,12,13,23,4,5,8,27
0,2,2,12,3,23,4,32,9,13
0,2,2,12,3,23,4,32,9,13
3,6,7,9,13,23,22,5,9,3
3,6,7,9,13,23,22,5,9,3
0,6,8,3,18,3,5,33,9,15
0,6,8,3,18,3,5,33,9,15
3,5,7,16,3,4,5,33,9,15
3,5,7,16,3,4,5,33,9,15
0,8,10,16,2,2,0,1,33,28
0,8,10,16,2,2,0,1,33,28
0,0,11,1,1,25,0,1,33,28
0,0,11,1,1,25,0,1,33,28
0,1,3,16,3,22,5,5,31,14
0,1,3,16,3,22,5,5,31,14
0,1,10,3,4,3,27,5,26,21
0,1,10,3,4,3,27,5,26,21
5,6,7,3,21,3,27,5,9,14
5,6,7,3,21,3,27,5,9,14
0,2,3,13,3,24,0,6,35,14
0,2,3,13,3,24,0,6,35,14
0,2,3,16,3,16,5,26,8,21
0,2,3,16,3,16,5,26,8,21
0,0,8,13,12,23,4,5,8,27
0,0,8,13,12,23,4,5,8,27
5,6,7,3,21,3,27,5,9,14
5,6,7,3,21,3,27,5,9,14
0,0,11,1,2,24,1,1,35,25
0,0,11,1,2,24,1,1,35,25
0,0,3,13,4,24,4,5,22,25
0,0,3,13,4,24,4,5,22,25
3,5,7,16,3,3,5,26,9,23
3,5,7,16,3,3,5,26,9,23
1,1,8,10,3,17,27,5,3,25
1,1,8,10,3,17,27,5,3,25
3,6,8,4,4,25,27,6,9,8
3,6,8,4,4,25,27,6,9,8
0,0,7,9,19,4,27,5,26,3
0,0,7,9,19,4,27,5,26,3
3,5,7,2,15,3,27,4,9,25
3,5,7,2,15,3,27,4,9,25
0,7,8,3,19,3,0,33,3,24
0,7,8,3,19,3,0,33,3,24
3,0,9,12,13,23,5,5,26,4
3,0,9,12,13,23,5,5,26,4
2,2,2,3,19,16,27,5,9,15
2,2,2,3,19,16,27,5,9,15
4,6,3,3,4,3,27,26,10,14
4,6,3,3,4,3,27,26,10,14
3,5,7,16,3,4,5,32,10,15
3,5,7,16,3,4,5,32,10,15
0,0,8,12,13,23,5,6,5,28
0,0,8,12,13,23,5,6,5,28
3,5,7,2,15,3,26,5,9,25
3,5,7,2,15,3,26,5,9,25
0,1,3,15,21,3,4,5,33,15
0,1,3,15,21,3,4,5,33,15
0,5,3,10,18,3,5,31,10,15
0,5,3,10,18,3,5,31,10,15
0,1,10,0,2,1,27,5,27,27
0,1,10,0,2,1,27,5,27,27
3,6,8,4,4,25,27,6,9,8
3,6,8,4,4,25,27,6,9,8
3,6,8,4,4,25,27,6,9,8
3,6,8,4,4,25,27,6,9,8
0,1,9,2,2,1,27,22,9,27
0,1,9,2,2,1,27,22,9,27
0,0,8,12,13,23,5,6,5,28
0,0,8,12,13,23,5,6,5,28
3,6,4,16,4,4,6,32,12,13
3,6,4,16,4,4,6,32,12,13
0,6,7,3,18,4,5,33,9,15
0,6,7,3,18,4,5,33,9,15
0,2,3,16,4,16,5,32,9,13
0,2,3,16,4,16,5,32,9,13
3,5,8,16,3,4,5,31,10,15
3,5,8,16,3,4,5,31,10,15
3,5,7,2,13,3,27,5,10,25
3,5,7,2,13,3,27,5,10,25
3,5,8,16,3,4,5,31,10,15
3,5,8,16,3,4,5,31,10,15
5,6,3,16,12,25,5,6,11,11
5,6,3,16,12,25,5,6,11,11
0,1,3,16,3,21,5,6,30,15
0,1,3,16,3,21,5,6,30,15
0,0,0,17,19,1,2,1,34,26
0,0,0,17,19,1,2,1,34,26
3,6,4,16,4,4,6,32,12,13
3,6,4,16,4,4,6,32,12,13
0,0,8,13,13,23,6,6,3,28
0,0,8,13,13,23,6,6,3,28
2,7,10,3,16,4,0,33,9,16
2,7,10,3,16,4,0,33,9,16
5,3,4,3,21,6,27,6,11,14
5,3,4,3,21,6,27,6,11,14
4,3,5,3,21,6,27,6,11,14
4,3,5,3,21,6,27,6,11,14
3,5,7,16,3,4,5,31,11,15
3,5,7,16,3,4,5,31,11,15
0,6,0,10,12,3,27,5,10,27
0,6,0,10,12,3,27,5,10,27
0,1,3,16,18,4,4,5,33,16
0,1,3,16,18,4,4,5,33,16
2,2,9,16,12,25,6,6,11,11
2,2,9,16,12,25,6,6,11,11
0,8,0,1,2,1,28,1,33,26
0,8,0,1,2,1,28,1,33,26
0,0,8,12,12,22,4,6,9,27
0,0,8,12,12,22,4,6,9,27
1,2,11,2,3,3,27,6,23,22
1,2,11,2,3,3,27,6,23,22
0,6,8,3,19,4,0,33,3,24
0,6,8,3,19,4,0,33,3,24
1,2,3,4,19,24,5,6,33,3
1,2,3,4,19,24,5,6,33,3
0,2,4,3,4,24,5,33,10,15
0,2,4,3,4,24,5,33,10,15
0,1,3,16,4,22,5,6,22,21
0,1,3,16,4,22,5,6,22,21
0,0,9,12,13,23,6,6,3,28
0,0,9,12,13,23,6,6,3,28
2,6,8,4,4,25,27,6,10,8
2,6,8,4,4,25,27,6,10,8
2,3,12,4,3,3,5,32,11,25
2,3,12,4,3,3,5,32,11,25
0,2,2,13,21,3,4,6,33,16
0,2,2,13,21,3,4,6,33,16
0,1,11,3,4,22,5,6,26,22
0,1,11,3,4,22,5,6,26,22
0,6,8,16,2,3,5,6,32,22
0,6,8,16,2,3,5,6,32,22
0,8,9,16,3,4,5,6,33,16
0,8,9,16,3,4,5,6,33,16
0,0,9,12,13,23,6,6,3,28
0,0,9,12,13,23,6,6,3,28
0,0,10,0,0,25,1,1,35,28
0,0,10,0,0,25,1,1,35,28
0,2,3,16,4,16,5,32,9,13
0,2,3,16,4,16,5,32,9,13
1,7,9,0,0,24,23,6,2,28
1,7,9,0,0,24,23,6,2,28
4,3,4,16,4,4,5,33,12,15
4,3,4,16,4,4,5,33,12,15
3,6,4,16,4,4,6,33,11,13
3,6,4,16,4,4,6,33,11,13
0,1,11,3,4,4,21,32,9,15
0,1,11,3,4,4,21,32,9,15
0,0,8,13,13,23,6,6,3,28
0,0,8,13,13,23,6,6,3,28
0,0,9,10,12,4,27,6,6,26
0,0,9,10,12,4,27,6,6,26
0,1,11,3,4,4,18,33,4,22
0,1,11,3,4,4,18,33,4,22
0,6,8,3,18,3,5,26,9,22
0,6,8,3,18,3,5,26,9,22
0,0,0,17,19,1,0,1,34,28
0,0,0,17,19,1,0,1,34,28
2,6,4,4,4,24,27,6,11,12
2,6,4,4,4,24,27,6,11,12
0,0,12,0,0,25,1,0,34,28
0,0,12,0,0,25,1,0,34,28
0,0,9,10,13,4,27,6,3,28
0,0,9,10,13,4,27,6,3,28
0,3,3,3,5,25,6,33,11,11
0,3,3,3,5,25,6,33,11,11
0,0,3,13,4,22,5,6,22,25
0,0,3,13,4,22,5,6,22,25
3,5,7,2,15,4,27,6,3,28
3,5,7,2,15,4,27,6,3,28
0,1,9,1,2,1,28,22,9,27
0,1,9,1,2,1,28,22,9,27
1,2,1,16,21,3,6,0,34,16
1,2,1,16,21,3,6,0,34,16
0,0,0,17,19,1,2,1,34,26
0,0,0,17,19,1,2,1,34,26
1,1,10,3,4,22,6,6,34,13
1,1,10,3,4,22,6,6,34,13
5,3,3,4,21,5,28,6,12,13
5,3,3,4,21,5,28,6,12,13
2,2,8,17,12,4,28,7,12,8
2,2,8,17,12,4,28,7,12,8
4,7,3,17,6,25,6,7,12,13
4,7,3,17,6,25,6,7,12,13
0,0,8,12,13,23,6,7,3,28
0,0,8,12,13,23,6,7,3,28
4,3,3,5,21,5,28,6,12,13
4,3,3,5,21,5,28,6,12,13
0,1,10,3,3,24,4,7,27,21
0,1,10,3,3,24,4,7,27,21
0,2,3,14,3,16,5,32,9,16
0,2,3,14,3,16,5,32,9,16
3,5,7,2,15,4,27,6,3,28
3,5,7,2,15,4,27,6,3,28
0,7,0,9,13,4,27,6,6,28
0,7,0,9,13,4,27,6,6,28
0,2,10,4,4,23,6,7,35,9
0,2,10,4,4,23,6,7,35,9
1,5,11,3,19,3,0,7,35,16
1,5,11,3,19,3,0,7,35,16
4,3,4,16,3,4,6,33,12,15
4,3,4,16,3,4,6,33,12,15
0,0,3,13,4,22,5,6,22,25
0,0,3,13,4,22,5,6,22,25
1,2,8,16,12,25,6,7,12,11
1,2,8,16,12,25,6,7,12,11
1,2,11,2,1,25,1,7,23,27
1,2,11,2,1,25,1,7,23,27
2,6,4,16,4,5,6,33,12,12
2,6,4,16,4,5,6,33,12,12
6,3,3,17,6,25,5,7,12,16
6,3,3,17,6,25,5,7,12,16
0,0,3,13,3,22,5,7,22,25
0,0,3,13,3,22,5,7,22,25
0,0,0,17,19,1,2,0,35,26
0,0,0,17,19,1,2,0,35,26
2,2,3,6,21,4,28,6,12,16
2,2,3,6,21,4,28,6,12,16
0,5,0,9,13,3,27,7,8,28
0,5,0,9,13,3,27,7,8,28
2,6,4,16,5,5,6,31,12,13
2,6,4,16,5,5,6,31,12,13
0,0,3,13,3,22,5,7,22,25
0,0,3,13,3,22,5,7,22,25
0,7,9,16,3,4,6,7,34,14
0,7,9,16,3,4,6,7,34,14
4,3,4,16,4,5,6,33,12,13
4,3,4,16,4,5,6,33,12,13
0,3,4,3,21,4,6,33,12,14
0,3,4,3,21,4,6,33,12,14
3,3,13,4,4,6,7,34,12,14
3,3,13,4,4,6,7,34,12,14
0,1,10,3,4,22,6,6,34,14
0,1,10,3,4,22,6,6,34,14
2,2,3,5,21,5,28,6,12,16
2,2,3,5,21,5,28,6,12,16
0,1,10,4,4,24,6,7,35,9
0,1,10,4,4,24,6,7,35,9
0,3,4,3,19,5,6,33,12,15
0,3,4,3,19,5,6,33,12,15
1,5,0,9,14,5,28,7,3,28
1,5,0,9,14,5,28,7,3,28
0,1,12,3,3,5,18,33,9,16
0,1,12,3,3,5,18,33,9,16
2,5,13,4,4,6,7,34,11,14
2,5,13,4,4,6,7,34,11,14
0,0,8,12,13,22,7,7,3,28
0,0,8,12,13,22,7,7,3,28
0,1,1,13,4,2,27,7,23,22
0,1,1,13,4,2,27,7,23,22
0,1,2,17,18,3,4,7,26,22
0,1,2,17,18,3,4,7,26,22
0,8,2,1,2,1,28,2,27,29
0,8,2,1,2,1,28,2,27,29
0,0,9,0,1,0,28,34,2,26
0,0,9,0,1,0,28,34,2,26
5,3,3,17,5,4,28,8,12,15
5,3,3,17,5,4,28,8,12,15
0,0,0,17,19,1,0,0,35,28
0,0,0,17,19,1,0,0,35,28
0,2,9,2,4,4,28,26,9,16
0,2,9,2,4,4,28,26,9,16
0,8,0,0,1,0,28,1,34,28
0,8,0,0,1,0,28,1,34,28
2,2,4,4,21,4,28,7,12,16
2,2,4,4,21,4,28,7,12,16
0,0,8,12,13,22,7,7,3,28
0,0,8,12,13,22,7,7,3,28
0,0,0,17,19,0,1,0,35,28
0,0,0,17,19,0,1,0,35,28
0,1,0,0,16,17,28,7,3,28
0,1,0,0,16,17,28,7,3,28
0,0,3,13,5,23,3,7,18,28
0,0,3,13,5,23,3,7,18,28
2,3,13,3,4,6,7,34,12,16
2,3,13,3,4,6,7,34,12,16
4,3,4,4,19,25,5,8,12,16
4,3,4,4,19,25,5,8,12,16
0,6,0,9,13,4,27,7,6,28
0,6,0,9,13,4,27,7,6,28
4,6,3,17,5,5,28,8,13,11
4,6,3,17,5,5,28,8,13,11
1,1,1,17,19,2,3,8,23,25
1,1,1,17,19,2,3,8,23,25
1,1,9,3,3,25,1,7,22,28
1,1,9,3,3,25,1,7,22,28
0,2,3,5,19,5,5,34,12,15
0,2,3,5,19,5,5,34,12,15
1,1,8,17,12,25,6,8,13,9
1,1,8,17,12,25,6,8,13,9
1,1,11,2,2,24,1,7,23,28
1,1,11,2,2,24,1,7,23,28
1,7,10,17,2,3,0,4,27,29
1,7,10,17,2,3,0,4,27,29
2,2,3,17,5,4,28,8,15,16
2,2,3,17,5,4,28,8,15,16
2,2,4,4,21,4,28,7,12,16
2,2,4,4,21,4,28,7,12,16
1,0,11,1,1,23,2,7,26,28
1,0,11,1,1,23,2,7,26,28
0,0,0,17,19,0,1,0,34,29
0,0,0,17,19,0,1,0,34,29
1,1,9,3,3,24,1,7,23,28
1,1,9,3,3,24,1,7,23,28
0,7,9,0,1,16,28,7,4,28
0,7,9,0,1,16,28,7,4,28
4,2,10,2,19,4,3,7,27,22
4,2,10,2,19,4,3,7,27,22
2,2,4,6,19,25,5,8,13,16
2,2,4,6,19,25,5,8,13,16
1,1,11,1,3,4,6,33,12,28
1,1,11,1,3,4,6,33,12,28
0,6,9,3,19,0,2,6,26,29
0,6,9,3,19,0,2,6,26,29
0,7,10,17,2,3,2,3,27,29
0,7,10,17,2,3,2,3,27,29
4,3,3,17,4,25,5,8,15,16
4,3,3,17,4,25,5,8,15,16
0,0,10,2,2,26,3,3,23,31
0,0,10,2,2,26,3,3,23,31
3,3,12,16,21,6,6,8,13,12
3,3,12,16,21,6,6,8,13,12
2,3,13,4,5,6,7,34,13,13
2,3,13,4,5,6,7,34,13,13
2,6,3,17,6,6,28,8,13,11
2,6,3,17,6,6,28,8,13,11
1,1,3,12,4,25,6,17,3,28
1,1,3,12,4,25,6,17,3,28
3,5,7,0,13,5,28,7,3,29
3,5,7,0,13,5,28,7,3,29
0,0,3,13,3,24,6,8,18,25
0,0,3,13,3,24,6,8,18,25
2,3,4,2,21,4,28,7,13,16
2,3,4,2,21,4,28,7,13,16
0,6,8,3,18,4,3,6,23,29
0,6,8,3,18,4,3,6,23,29
4,2,3,17,4,25,5,8,16,16
4,2,3,17,4,25,5,8,16,16
5,2,3,17,5,26,5,8,13,16
5,2,3,17,5,26,5,8,13,16
0,6,9,17,5,5,6,8,35,9
0,6,9,17,5,5,6,8,35,9
1,6,9,3,4,25,6,8,34,4
1,6,9,3,4,25,6,8,34,4
0,0,0,17,19,0,1,0,34,29
0,0,0,17,19,0,1,0,34,29
0,7,9,16,4,2,0,1,35,26
0,7,9,16,4,2,0,1,35,26
0,8,0,1,1,2,29,2,28,29
0,8,0,1,1,2,29,2,28,29
0,1,10,4,4,23,6,8,35,9
0,1,10,4,4,23,6,8,35,9
3,3,12,16,21,6,6,8,13,12
3,3,12,16,21,6,6,8,13,12
0,8,0,0,0,1,28,1,33,29
0,8,0,0,0,1,28,1,33,29
0,1,1,13,18,4,6,7,35,15
0,1,1,13,18,4,6,7,35,15
0,7,9,1,2,25,17,7,3,29
0,7,9,1,2,25,17,7,3,29
5,3,12,3,5,4,28,8,16,16
5,3,12,3,5,4,28,8,16,16
0,0,1,18,22,1,1,1,27,29
0,0,1,18,22,1,1,1,27,29
0,0,2,18,22,3,2,0,23,30
0,0,2,18,22,3,2,0,23,30
0,7,10,16,4,3,0,3,27,30
0,7,10,16,4,3,0,3,27,30
0,0,8,10,13,23,7,8,3,28
0,0,8,10,13,23,7,8,3,28
4,3,3,17,5,26,5,8,13,16
4,3,3,17,5,26,5,8,13,16
2,8,4,17,5,5,6,27,13,13
2,8,4,17,5,5,6,27,13,13
